paper_id,title,authors,venue,year,doi,abstract,citation_count,source,source_url,synthetic
CAND-001,Deep Learning Approaches To Image Classification: Exploring The Future Of Visual Data Analysis,Manikanth Sarisa|Venkata Nagesh Boddapati|Gagan Kumar Patra|Chandrababu Kuraku|Siddharth Konkimalla,,2022,10.53555/kuey.v28i4.7863,"Over the past decade, deep learning has emerged as a revolutionary technology for the analysis of visual data, particularly images. This master's thesis focuses on deep learning approaches to image classification, which is a key task in many applications using visual data analysis. A state-of-the-art deep learning model, namely the Vision Transformer (ViT), is explored for image classification. ViT is trained using transfer-learning techniques on a new dataset of over 350,000 photographs of European buildings in eight cities, obtained across two separate flights from a drone-mounted camera. Initial results demonstrate that models pre-trained on large datasets such as JFT-300M can achieve performance competitively with the fine-tuning of models trained from scratch on smaller datasets and that ViT outperforms convolutional neural networks for drone-captured images. Further, the prospects of deep learning for image classification are discussed, highlighting the potential impact of new research directions within the architectural vision transformer domain (e.g., Swin-Transformer, CrossViTs, T2T-vision Transformer) and new training techniques (e.g., Vision-Language Pre-training models, multi-modality input). The exponential increase in data generated by cameras, mobile devices, and Internet-of-Things (IoT) sensors has escalated the need for automated processing and analysis of visual data. Furthermore, images and video frames are a popular medium for data collection across various domains, including commercial and industrial. Image classification, or finding the most relevant label for a given photograph, is one key task in many applications using visual data analysis. Popular applications include multimedia search engines, mobile applications navigating to points of interest (POI), and anomaly detection in industrial cameras. As a consequence, many datasets have been assembled, containing millions of photographs collected and labeled according to city, object, or scene. Deep neural networks trained end-to-end directly on pixels have become state-of-the-art image classification technology. More recently, architectures based solely on attention mechanisms, eschewing convolutions, have challenged the long-standing dominance of convolutional neural networks.",4,scopus_export,https://doi.org/10.53555/kuey.v28i4.7863,false
CAND-002,Development of Anomalous Video Detection System using Hybrid-Features Analysis of Actions and Scene-Backgrounds Information,Bharindra Kamanditya,,2022,10.1109/ciss53076.2022.9751197,,0,scopus_export,https://doi.org/10.1109/ciss53076.2022.9751197,false
CAND-003,Learning Task-Specific Representation for Video Anomaly Detection with Spatial-Temporal Attention,Yang Liu|Jing Liu|Xiaoguang Zhu|Donglai Wei|Xiaohong Huang|Liang Song,"ICASSP 2022 - 2022 IEEE International Conference on Acoustics, Speech and Signal Processing (ICASSP)",2022,10.1109/icassp43922.2022.9746822,,45,scopus_export,https://doi.org/10.1109/icassp43922.2022.9746822,false
CAND-004,Supervised Contrastive Learning for Detecting Anomalous Driving Behaviours from Multimodal Videos,Shehroz S. Khan|Ziting Shen|Haoying Sun|Ax Patel|Ali Abedi,,2022,10.1109/crv55824.2022.00011,,13,scopus_export,https://doi.org/10.1109/crv55824.2022.00011,false
CAND-005,The utility of datasets in crowd modelling and analysis: a survey,Sahar Waqar|Usman Ghani Khan|M. Hamza Waseem|Samyan Qayyum,Multimedia Tools and Applications,2022,10.1007/s11042-022-13227-x,,9,scopus_export,https://doi.org/10.1007/s11042-022-13227-x,false
CAND-006,Deep Reinforcement Learning-based anomaly detection for Video Surveillance,Sabrina Messaoud Aberkane|M. Elarbi-Boudihir,Informatica,2022,10.31449/inf.v46i2.3603,"The anomaly detection in automated video surveillance is considered as one of the most critical tasks to be solved, in which we aim to detect a variety of real-world abnormalities. This paper introduces a novel approach for anomaly detection based on deep reinforcement learning. In recent years, deep reinforcement learning has been achieving a significant success in various applications with data of a high degree of complexity such as robotics and games, by mimicking the way humans learn from experiences. Generally, the state-of-the-art methods classify a video as normal or abnormal without pinpointing the exact location of the anomaly in the input video due to the unlabeled clip-level data in training videos. We focus on adapting the prioritized Dueling deep Q-networks to the anomaly detection problem. This model learns to evaluate the anomaly in video clips by exploiting the video-level label to obtain a better detection accuracy. Extensive experiments on 13 cases class of real-word anomaly show that our DRL agent achieved a near optimal performance with a high accuracy in the real world video surveillance system compared to the state-of-the-art approaches.",8,scopus_export,https://doi.org/10.31449/inf.v46i2.3603,false
CAND-007,Video Anomaly Detection Based on Convolutional Recurrent AutoEncoder,Bokun Wang|Caiqian Yang,Sensors,2022,10.3390/s22124647,"As an essential task in computer vision, video anomaly detection technology is used in video surveillance, scene understanding, road traffic analysis and other fields. However, the definition of anomaly, scene change and complex background present great challenges for video anomaly detection tasks. The insight that motivates this study is that the reconstruction error for normal samples would be lower since they are closer to the training data, while the anomalies could not be reconstructed well. In this paper, we proposed a Convolutional Recurrent AutoEncoder (CR-AE), which combines an attention-based Convolutional Long-Short-Term Memory (ConvLSTM) network and a Convolutional AutoEncoder. The ConvLSTM network and the Convolutional AutoEncoder could capture the irregularity of the temporal pattern and spatial irregularity, respectively. The attention mechanism was used to obtain the current output characteristics from the hidden state of each Covn-LSTM layer. Then, a convolutional decoder was utilized to reconstruct the input video clip and the testing video clip with higher reconstruction error, which were further judged to be anomalies. The proposed method was tested on two popular benchmarks (UCSD ped2 Dataset and Avenue Dataset), and the experimental results demonstrated that CR-AE achieved 95.6% and 73.1% frame-level AUC on two public datasets, respectively.",28,scopus_export,https://doi.org/10.3390/s22124647,false
CAND-008,Anomalous Object Detection with Deep Learning,L. Poojitha,International Journal for Research in Applied Science and Engineering Technology,2022,10.22214/ijraset.2022.44581,"Abstract: In many computers vision systems, object identification and monitoring are crucial characteristics. Object identification and monitoring is a difficult job in the fields of computer vision that attempts to identify, recognize and track things across a video series of pictures. It aids in the understanding and description of object behaviour rather than relying on human operators to monitor the computers. Its goal is to find moving things in a video clip or a security camera. On the other hand, rely heavily on computers, on the other hand many respect attributes approaches. The system collects a snapshot from the camera, process it as per the models requirements and the outputs the data to the tensorflow framework which provides a list of the frames discoveries and the objects dependability points and connections to their binding containers. Before exposing the object to the user, the software takes those connections and creates a rectangle adjacent to it. This research detects the presence of anomalous items in camera-captured sequences, with anomalies being things that correspond to categories that should not be present in a given scene.",0,scopus_export,https://doi.org/10.22214/ijraset.2022.44581,false
CAND-009,Abnormal Event Detection with Self-guiding Multi-instance Ranking Framework,Yang Liu|Jing Liu|Wei Ni|Liang Song,2022 International Joint Conference on Neural Networks (IJCNN),2022,10.1109/ijcnn55064.2022.9892231,,11,scopus_export,https://doi.org/10.1109/ijcnn55064.2022.9892231,false
CAND-010,Multiple instance-based video anomaly detection using deep temporal encoding–decoding,Ammar Mansoor Kamoona|Amirali Khodadadian Gostar|Alireza Bab‐Hadiashar|Reza Hoseinnezhad,Expert Systems with Applications,2022,10.1016/j.eswa.2022.119079,,57,scopus_export,https://doi.org/10.1016/j.eswa.2022.119079,false
CAND-011,Multimodal Unsupervised Deep Learning Algorithms for Fall Detection,Stefan Milan Denkovski,TSpace (University of Toronto),2022,,"Falls are one the major cause of both death and injury in people over 65 years of age. Fall detection is critical to minimize the risk that falls pose. Existing methods of fall detection require constant use, invade privacy and/or struggle with practical implementation. This thesis seeks to explore video fall detection as an anomaly detection problem. A novel fall data set is explored to compare multiple modalities from a performance and privacy aspect. Infra-red cameras are found to perform the best, while depth cameras provide the most privacy. Various methods of multi-modal fusion and a novel loss function are explored to improve performance. This method was able to achieve 0.925 AUC ROC and 0.125 AUC PR, improving on individual modalities by 0.03 AUC ROC and 0.05 AUC PR.",0,scopus_export,,false
CAND-012,Dual Stream Variational Autoencoder for Video Anomaly Detection in Single Scene Videos,Chinmaya Kumar Meher|Rashmiranjan Nayak|Umesh Chandra Pati,,2022,10.1109/odicon54453.2022.10010086,,5,scopus_export,https://doi.org/10.1109/odicon54453.2022.10010086,false
CAND-013,CLIP-TSA: CLIP-Assisted Temporal Self-Attention for Weakly-Supervised Video Anomaly Detection,Hyekang Kevin Joo|Khoa Vo|Kashu Yamazaki|Ngan Le,arXiv (Cornell University),2022,10.48550/arxiv.2212.05136,"Video anomaly detection (VAD) -- commonly formulated as a multiple-instance learning problem in a weakly-supervised manner due to its labor-intensive nature -- is a challenging problem in video surveillance where the frames of anomaly need to be localized in an untrimmed video. In this paper, we first propose to utilize the ViT-encoded visual features from CLIP, in contrast with the conventional C3D or I3D features in the domain, to efficiently extract discriminative representations in the novel technique. We then model temporal dependencies and nominate the snippets of interest by leveraging our proposed Temporal Self-Attention (TSA). The ablation study confirms the effectiveness of TSA and ViT feature. The extensive experiments show that our proposed CLIP-TSA outperforms the existing state-of-the-art (SOTA) methods by a large margin on three commonly-used benchmark datasets in the VAD problem (UCF-Crime, ShanghaiTech Campus, and XD-Violence). Our source code is available at https://github.com/joos2010kj/CLIP-TSA.",7,scopus_export,https://doi.org/10.48550/arxiv.2212.05136,false
CAND-014,Video Anomaly Detection Using Variational Autoencoder,Chinmaya Kumar Meher|Rashmiranjan Nayak|Umesh Chandra Pati,,2022,10.1109/isssc56467.2022.10051511,,4,scopus_export,https://doi.org/10.1109/isssc56467.2022.10051511,false
CAND-015,Anomalous Situations Recognition in Surveillance Images Using Deep Learning,Quratulain Arshad|Mudassar Raza|Wazir Zada Khan|Ayesha Siddiqa|Abdul Muiz|Muhammad Attique Khan|Usman Tariq|Taerang Kim|Jaehyuk Cha,"Computers, materials & continua/Computers, materials & continua (Print)",2023,10.32604/cmc.2023.039752,"Anomalous situations in surveillance videos or images that may result in security issues, such as disasters, accidents, crime, violence, or terrorism, can be identified through video anomaly detection. However, differentiating anomalous situations from normal can be challenging due to variations in human activity in complex environments such as train stations, busy sporting fields, airports, shopping areas, military bases, care centers, etc. Deep learning models’ learning capability is leveraged to identify abnormal situations with improved accuracy. This work proposes a deep learning architecture called Anomalous Situation Recognition Network (ASRNet) for deep feature extraction to improve the detection accuracy of various anomalous image situations. The proposed framework has five steps. In the first step, pretraining of the proposed architecture is performed on the CIFAR-100 dataset. In the second step, the proposed pre-trained model and Inception V3 architecture are used for feature extraction by utilizing the suspicious activity recognition dataset. In the third step, serial feature fusion is performed, and then the Dragonfly algorithm is utilized for feature optimization in the fourth step. Finally, using optimized features, various Support Vector Machine (SVM) and K-Nearest Neighbor (KNN) based classification models are utilized to detect anomalous situations. The proposed framework is validated on the suspicious activity dataset by varying the number of optimized features from 100 to 1000. The results show that the proposed method is effective in detecting anomalous situations and achieves the highest accuracy of 99.24% using cubic SVM.",14,scopus_export,https://doi.org/10.32604/cmc.2023.039752,false
CAND-016,MSDeepNet: A Novel Multi-stream Deep Neural Network for Real-World Anomaly Detection in Surveillance Videos,Prabhu Prasad Dev|Pranesh Das|Raju Hazari,Communications in computer and information science,2023,10.1007/978-3-031-39059-3_11,,4,scopus_export,https://doi.org/10.1007/978-3-031-39059-3_11,false
CAND-017,Image Classification Using Contrastive Language-Image Pre-training: Application to Aerial Views of Power Line Infrastructures,A. Losada|Ana M. Bernardos|Juan A. Besada,Lecture notes in networks and systems,2023,10.1007/978-3-031-42536-3_2,,0,scopus_export,https://doi.org/10.1007/978-3-031-42536-3_2,false
CAND-018,A Supervised Approach for Efficient Video Anomaly Detection Using Transfer Learning,Rangachary Kommanduri|Mrinmoy Ghorai,Lecture notes in computer science,2023,10.1007/978-3-031-45170-6_22,,2,scopus_export,https://doi.org/10.1007/978-3-031-45170-6_22,false
CAND-019,A Novel Attention Heat Map-Based Video Anomaly Detection Framework,Preeti Sharma|M. Gangadharappa,,2023,10.1109/spin57001.2023.10116189,,0,scopus_export,https://doi.org/10.1109/spin57001.2023.10116189,false
CAND-020,Weakly supervised anomaly detection with multi-level contextual modeling,Mengting Liu|Xinrui Li|Yongge Liu|Yahong Han,Multimedia Systems,2023,10.1007/s00530-023-01093-y,,2,scopus_export,https://doi.org/10.1007/s00530-023-01093-y,false
CAND-021,Integrated Intelligent Surveillance System Using Deep Learning,Arya Paul|S. K. Paul|Manikandan A. R|Katharin P Jose|Sabarinath M.S,,2023,10.1109/access57397.2023.10200245,,3,scopus_export,https://doi.org/10.1109/access57397.2023.10200245,false
CAND-022,Abnormal Behavior Detection in Video Surveillance Using Inception-v3 Transfer Learning Approaches,Sabah Abdulazeez Jebur|Khalid Ali Hussein|Haider K. Hoomod,Iraqi Journal of Computer Communication Control and System Engineering,2023,10.33103/uot.ijccce.23.2.16,"The use of video surveillance systems has increased due to security concerns and their relatively low cost. Researchers are working to create intelligent Closed Circuit Television (CCTV) cameras that can automatically analyze behavior in real-time to detect anomalous behaviors and prevent dangerous accidents. Deep Learning (DL) approaches, particularly Convolutional Neural Networks (CNNs), have shown outstanding results in video analysis and anomaly detection. This research paper focused on using Inception-v3 transfer learning approaches to improve the accuracy and efficiency of abnormal behavior detection in video surveillance. The Inception-v3 network is used to classify keyframes of a video as normal or abnormal behaviors by utilizing both pre-training and fine-tuning transfer learning approaches to extract features from the input data and develop a new classifier. The UCF-Crime dataset is used to train and evaluate the proposed models. The performance of both models was evaluated using accuracy, recall, precision, and F1 score. The fine-tuned model achieved 88.0%, 89.24%, 85.83%, and 87.50% for these measures, respectively. In contrast, the pre-trained model obtained 86.2%, 86.43%, 84.62%, and 85.52%, respectively. These results demonstrate that transfer learning using Inception-v3 architecture can effectively classify normal and abnormal behaviors in videos, and fine-tuning the weights of the layers can further improve the model's performance. Index Terms— Abnormal behavior detection, Video surveillance, Deep learning, Transfer learning, InceptionV3.",12,scopus_export,https://doi.org/10.33103/uot.ijccce.23.2.16,false
CAND-023,CNN-ViT Supported Weakly-Supervised Video Segment Level Anomaly Detection,Md. Haidar Sharif|Lei Jiao|Christian W. Omlin,Sensors,2023,10.3390/s23187734,"Video anomaly event detection (VAED) is one of the key technologies in computer vision for smart surveillance systems. With the advent of deep learning, contemporary advances in VAED have achieved substantial success. Recently, weakly supervised VAED (WVAED) has become a popular VAED technical route of research. WVAED methods do not depend on a supplementary self-supervised substitute task, yet they can assess anomaly scores straightway. However, the performance of WVAED methods depends on pretrained feature extractors. In this paper, we first address taking advantage of two pretrained feature extractors for CNN (e.g., C3D and I3D) and ViT (e.g., CLIP), for effectively extracting discerning representations. We then consider long-range and short-range temporal dependencies and put forward video snippets of interest by leveraging our proposed temporal self-attention network (TSAN). We design a multiple instance learning (MIL)-based generalized architecture named CNN-ViT-TSAN, by using CNN- and/or ViT-extracted features and TSAN to specify a series of models for the WVAED problem. Experimental results on publicly available popular crowd datasets demonstrated the effectiveness of our CNN-ViT-TSAN.",21,scopus_export,https://doi.org/10.3390/s23187734,false
CAND-024,CLIP-TSA: Clip-Assisted Temporal Self-Attention for Weakly-Supervised Video Anomaly Detection,Hyekang Kevin Joo|Viet-Khoa Vo-Ho|Kashu Yamazaki|Ngan Le,,2023,10.1109/icip49359.2023.10222289,,111,scopus_export,https://doi.org/10.1109/icip49359.2023.10222289,false
CAND-025,Unsupervised Video Anomaly Detection with Self-Attention Based Feature Aggregating,Zhenhao Ye|Yanlong Li|Zhichao Cui|Yuehu Liu|Li Li|Le Wang|Chi Zhang,,2023,10.1109/itsc57777.2023.10421863,,9,scopus_export,https://doi.org/10.1109/itsc57777.2023.10421863,false
CAND-026,"Towards Surveillance Video-and-Language Understanding: New Dataset, Baselines, and Challenges","Tongtong Yuan|Xuange Zhang|Kun Liu|Bo Liu|Chen, Chen|Jian Jin|Zhenzhen Jiao",arXiv (Cornell University),2023,10.48550/arxiv.2309.13925,"Surveillance videos are an essential component of daily life with various critical applications, particularly in public security. However, current surveillance video tasks mainly focus on classifying and localizing anomalous events. Existing methods are limited to detecting and classifying the predefined events with unsatisfactory semantic understanding, although they have obtained considerable performance. To address this issue, we propose a new research direction of surveillance video-and-language understanding, and construct the first multimodal surveillance video dataset. We manually annotate the real-world surveillance dataset UCF-Crime with fine-grained event content and timing. Our newly annotated dataset, UCA (UCF-Crime Annotation), contains 23,542 sentences, with an average length of 20 words, and its annotated videos are as long as 110.7 hours. Furthermore, we benchmark SOTA models for four multimodal tasks on this newly created dataset, which serve as new baselines for surveillance video-and-language understanding. Through our experiments, we find that mainstream models used in previously publicly available datasets perform poorly on surveillance video, which demonstrates the new challenges in surveillance video-and-language understanding. To validate the effectiveness of our UCA, we conducted experiments on multimodal anomaly detection. The results demonstrate that our multimodal surveillance learning can improve the performance of conventional anomaly detection tasks. All the experiments highlight the necessity of constructing this dataset to advance surveillance AI. The link to our dataset is provided at: https://xuange923.github.io/Surveillance-Video-Understanding.",0,scopus_export,https://doi.org/10.48550/arxiv.2309.13925,false
CAND-027,Delving into CLIP latent space for Video Anomaly Recognition,Luca Zanella|Benedetta Liberatori|Willi Menapace|Fabio Poiesi|Yiming Wang|Elisa Ricci,arXiv (Cornell University),2023,10.48550/arxiv.2310.02835,"We tackle the complex problem of detecting and recognising anomalies in surveillance videos at the frame level, utilising only video-level supervision. We introduce the novel method AnomalyCLIP, the first to combine Large Language and Vision (LLV) models, such as CLIP, with multiple instance learning for joint video anomaly detection and classification. Our approach specifically involves manipulating the latent CLIP feature space to identify the normal event subspace, which in turn allows us to effectively learn text-driven directions for abnormal events. When anomalous frames are projected onto these directions, they exhibit a large feature magnitude if they belong to a particular class. We also introduce a computationally efficient Transformer architecture to model short- and long-term temporal dependencies between frames, ultimately producing the final anomaly score and class prediction probabilities. We compare AnomalyCLIP against state-of-the-art methods considering three major anomaly detection benchmarks, i.e. ShanghaiTech, UCF-Crime, and XD-Violence, and empirically show that it outperforms baselines in recognising video anomalies.",1,scopus_export,https://doi.org/10.48550/arxiv.2310.02835,false
CAND-028,Unveiling Anomalies in Surveillance Videos Through Various Transfer Learning Models,Sachin Solanki|Yash Shah|Deep Rohit|Dipak Ramoliya,,2023,10.1109/icssas57918.2023.10331722,,7,scopus_export,https://doi.org/10.1109/icssas57918.2023.10331722,false
CAND-029,Open-Vocabulary Video Anomaly Detection,Peng Wu|Xuerong Zhou|Guansong Pang|Yujia Sun|Jing Liu|Peng Wang|Yanning Zhang,arXiv (Cornell University),2023,10.48550/arxiv.2311.07042,"Video anomaly detection (VAD) with weak supervision has achieved remarkable performance in utilizing video-level labels to discriminate whether a video frame is normal or abnormal. However, current approaches are inherently limited to a closed-set setting and may struggle in open-world applications where there can be anomaly categories in the test data unseen during training. A few recent studies attempt to tackle a more realistic setting, open-set VAD, which aims to detect unseen anomalies given seen anomalies and normal videos. However, such a setting focuses on predicting frame anomaly scores, having no ability to recognize the specific categories of anomalies, despite the fact that this ability is essential for building more informed video surveillance systems. This paper takes a step further and explores open-vocabulary video anomaly detection (OVVAD), in which we aim to leverage pre-trained large models to detect and categorize seen and unseen anomalies. To this end, we propose a model that decouples OVVAD into two mutually complementary tasks -- class-agnostic detection and class-specific classification -- and jointly optimizes both tasks. Particularly, we devise a semantic knowledge injection module to introduce semantic knowledge from large language models for the detection task, and design a novel anomaly synthesis module to generate pseudo unseen anomaly videos with the help of large vision generation models for the classification task. These semantic knowledge and synthesis anomalies substantially extend our model's capability in detecting and categorizing a variety of seen and unseen anomalies. Extensive experiments on three widely-used benchmarks demonstrate our model achieves state-of-the-art performance on OVVAD task.",3,scopus_export,https://doi.org/10.48550/arxiv.2311.07042,false
CAND-030,Detecting anomalies in security cameras with 3D-convolutional neural network and convolutional long short-term memory,Esraa A. Mahareek|Eman K. Elsayed|Nahed M. El-Desouky|Kamal A. ElDahshan,International Journal of Power Electronics and Drive Systems/International Journal of Electrical and Computer Engineering,2023,10.11591/ijece.v14i1.pp993-1004,"This paper presents a novel deep learning-based approach for anomaly detection in surveillance films. A deep network that has been trained to recognize objects and human activity in movies forms the foundation of the suggested approach. In order to detect anomalies in surveillance films, the proposed method combines the strengths of 3D-convolutional neural network (3DCNN) and convolutional long short-term memory (ConvLSTM). From the video frames, the 3DCNN is utilized to extract spatiotemporal features,while ConvLSTM is employed to record temporal relationships between frames. The technique was evaluated on five large-scale datasets from the actual world (UCFCrime, XDViolence, UBIFights, CCTVFights, UCF101) that had both indoor and outdoor video clips as well as synthetic datasets with a range of object shapes, sizes, and behaviors. The results further demonstrate that combining 3DCNN with ConvLSTM can increase precision and reduce false positives, achieving a high accuracy and area under the receiver operating characteristic-area under the curve (ROC-AUC) in both indoor and outdoor scenarios when compared to cuttingedge techniques mentioned in the comparison.",6,scopus_export,https://doi.org/10.11591/ijece.v14i1.pp993-1004,false
CAND-031,Multimedia datasets for anomaly detection: a review,Pratibha Kumari|Anterpreet Kaur Bedi|Mukesh Saini,Multimedia Tools and Applications,2023,10.1007/s11042-023-17425-z,,10,scopus_export,https://doi.org/10.1007/s11042-023-17425-z,false
CAND-032,Anomaly detection in surveillance videos using deep autoencoder,Sarthak Mishra|Suraiya Jabin,International Journal of Information Technology,2023,10.1007/s41870-023-01659-z,,50,scopus_export,https://doi.org/10.1007/s41870-023-01659-z,false
CAND-033,Delving into Clip Latent Space for Video Anomaly Recognition,Luca Zanella|Benedetta Liberatori|Willi Menapace|Fabio Poiesi|Yiming Wang|Elisa Ricci,SSRN Electronic Journal,2024,10.2139/ssrn.4768666,,5,scopus_export,https://doi.org/10.2139/ssrn.4768666,false
CAND-034,Review of the Deep Learning Models for Anomaly Detection-Based Video Scrutiny System,Jyoti Kukade|Prashant Panse,Lecture notes in networks and systems,2024,10.1007/978-981-99-9040-5_17,,1,scopus_export,https://doi.org/10.1007/978-981-99-9040-5_17,false
CAND-035,Anomaly Detection in Weakly Supervised Videos Using Multistage Graphs and General Deep Learning Based Spatial-Temporal Feature Enhancement,Jungpil Shin|Yuta Kaneko|Abu Saleh Musa Miah|Najmul Hassan|Satoshi Nishimura,IEEE Access,2024,10.1109/access.2024.3395329,"Weakly supervised video anomaly detection (WS-VAD) is a crucial research domain in computer vision for the implementation of intelligent surveillance systems. Many researchers have been working to develop WS-VAD systems using various technologies by assessing anomaly scores. However, they are still facing challenges because of lacking effective feature extraction. To mitigate this limitation, we propose a multi-stage deep-learning model for separating abnormal events from normality to extract the hierarchical effective features. In the first stage, we extract two stream features using pre-trained techniques: the first stream employs a ViT-based CLIP module to select top-k features, while the second stream utilizes a CNN-based I3D module integrated into the Temporal Contextual Aggregation (TCA) mechanism. These features are concatenated and fed into the second-stage module, where an Uncertainty-regulated Dual Memory Units (UR-DMU) model is employed to learn representations of regular and abnormal data simultaneously. The UR-DMU integrates global and local structures, leveraging Graph Convolutional Networks (GCN) and Global and Local Multi-Head Self Attention (GL-MHSA) modules to capture video associations. Subsequently, feature reduction is achieved using the multilayer-perceptron (MLP) integration with the Prompt-Enhanced Learning (PEL) module via the knowledge-based prompt. Finally, we employed a classifier module to predict the snippet-level anomaly scores. In the training phase, the based function transfers the snippet-level scores into bag-level predictions for learning high activation in anomalous cases. Our approach integrates these cutting-edge technologies and methodologies, offering a comprehensive solution to video-based anomaly detection. Extensive experiments on ShanghaiTech, XD-Violence, and UCF-Crime datasets validate the superiority of our method over state-of-the-art approaches by a substantial margin. We believe that our model holds significant promise for real-world applications, demonstrating superior performance and efficacy in anomaly detection tasks.",20,scopus_export,https://doi.org/10.1109/access.2024.3395329,false
CAND-036,RAOD: A Benchmark for Road Abandoned Object Detection From Video Surveillance,Yajun Xu|Huan Hu|Xiaoya Zhu|Yibing Nan|Kai Wang|Zhaoxiang Liu|Shiguo Lian,IEEE Access,2024,10.1109/access.2024.3407955,"Road abandoned objects are potential safety hazards in modern traffic transport, especially in highway scenes. Promptly detecting such obstacles on the road is of great significance for driving safety and Intelligent Transportation Systems (ITS). Current research primarily focuses on developing diverse road anomaly detection approaches to discriminate the unknown objects regarded as abandoned ones. However, previous efforts have been largely inadequate due to the absence of abundant datasets. In addition, prevailing benchmarks mainly provide data pertinent to autonomous driving, which might not effectively generalize to highway scenarios owing to camera perspective and scope limitations. To address these challenges, we introduce a large-scale Road Abandoned Object Detection (RAOD) benchmark derived from video surveillance. First, we collect abundant real-world video clips containing various potential abandoned object categories on the road from our commercial ITS, then assemble a road abandoned object dataset comprising 557 video sequences and 18,953 images with pixel-level manual annotations. Second, we conduct exhaustive evaluation experiments employing a range of baseline models from mainstream algorithms on our dataset to illustrate the performance of different approaches. Third, we propose a novel image segmentation framework based on an area-aware attention mechanism. Experimental results reveal that our method outperforms the UNet-based model by nearly 9% in terms of dice score. Our dataset represents the most extensive open-source resource dedicated to road abandoned object detection, accessible publicly at https://github.com/yajunbaby/A-Benchmark-for-Road-Abandoned-Object-Detection-from-Video-Surveillance.",6,scopus_export,https://doi.org/10.1109/access.2024.3407955,false
CAND-037,A Recurrent Neural Network for Multimodal Anomaly Detection by Using Spatio-Temporal Audio-Visual Data,Sameema Tariq|Ata Ur Rehman|Maria Abubakar|Waseem Iqbal|Hatoon S. AlSagri|Yousef A. Alduraywish|Haya Abdullah A. Alhakbani,"Computers, materials & continua/Computers, materials & continua (Print)",2024,10.32604/cmc.2024.055787,"In video surveillance, anomaly detection requires training machine learning models on spatio-temporal video sequences. However, sometimes the video-only data is not sufficient to accurately detect all the abnormal activities.... | Find, read and cite all the research you need on Tech Science Press",2,scopus_export,https://doi.org/10.32604/cmc.2024.055787,false
CAND-038,Deep Learning Approaches To Image Classification: Exploring The Future Of Visual Data Analysis,Venkata Nagesh Boddapati,SSRN Electronic Journal,2024,10.2139/ssrn.4977119,,0,scopus_export,https://doi.org/10.2139/ssrn.4977119,false
CAND-039,Detection of abnormal tourist behavior in scenic spots based on optimized Gaussian model for background modeling,Xiaohua Liu,Journal of Intelligent Systems,2024,10.1515/jisys-2024-0092,"Abstract In recent years, tourist attractions have become increasingly popular vacation destinations, leading to a gradual emergence of the tourism market and an improvement in the regulatory systems of scenic spots. However, these attractions frequently experience various abnormal behaviors (ABs). The existing abnormal behavior detection (ABD) algorithms are hindered by interference from the scenic area background, resulting in poor identification of ABs. The study proposed a background model constructed by an optimized Gaussian mixture model based on the background subtraction method to eliminate the background interference. Based on this model, an ABD method was established using action data based on spatio-temporal block detection and motion foreground effect map features. Experiments were conducted to train the video clips and action databases to establish the ABD model. In the study, algorithms were tested using computers, and different scenic spots were set up to validate tourists. Three scenic spot scenes with different time and environmental conditions were set up to detect tourist ABD, and the results were compared with different existing anomaly detection algorithms. Research has shown that the area under the receiver operation characteristic curve in outdoor scenes a and c is significantly larger than that in indoor scene b, with areas under the curves of 96.55 and 97.40%, respectively. In two outdoor research scenarios b and c, the area under the curve and equal error rate of the research algorithm (RA) are 88.14, 18.24, 98.12, and 7.55%, respectively, which are significantly better than the two compared algorithms. Although they are 97.31 and 6.29% in scenario a, slightly lower than the 95.18 and 12.69% of the compared algorithms, the expected time is very close to the ideal value, and overall, they have good performance. In addition, the average recognition accuracy of the RA (93.24%) is higher than that of the comparative algorithm (89.32%). The proposed ABD method has shown certain efficiency and accuracy in identifying ABs. It can provide effective decision-making support for scenic area management and has reference significance for improving the safety management quality of scenic area monitoring. By monitoring the AB of tourists, scenic area management personnel can take timely measures to ensure the safety of tourists and the order of the scenic area. In addition, the results of this study not only provide a new approach and method for detecting AB of scenic spot tourists, but also provide valuable reference significance and theoretical contributions in fields such as video surveillance, behavior analysis, and artificial intelligence.",0,scopus_export,https://doi.org/10.1515/jisys-2024-0092,false
CAND-040,Text-Driven Traffic Anomaly Detection with Temporal High-Frequency Modeling in Driving Videos,Rongqin Liang|Yuanman Li|Jiantao Zhou|Xia Li,arXiv (Cornell University),2024,10.48550/arxiv.2401.03522,"Traffic anomaly detection (TAD) in driving videos is critical for ensuring the safety of autonomous driving and advanced driver assistance systems. Previous single-stage TAD methods primarily rely on frame prediction, making them vulnerable to interference from dynamic backgrounds induced by the rapid movement of the dashboard camera. While two-stage TAD methods appear to be a natural solution to mitigate such interference by pre-extracting background-independent features (such as bounding boxes and optical flow) using perceptual algorithms, they are susceptible to the performance of first-stage perceptual algorithms and may result in error propagation. In this paper, we introduce TTHF, a novel single-stage method aligning video clips with text prompts, offering a new perspective on traffic anomaly detection. Unlike previous approaches, the supervised signal of our method is derived from languages rather than orthogonal one-hot vectors, providing a more comprehensive representation. Further, concerning visual representation, we propose to model the high frequency of driving videos in the temporal domain. This modeling captures the dynamic changes of driving scenes, enhances the perception of driving behavior, and significantly improves the detection of traffic anomalies. In addition, to better perceive various types of traffic anomalies, we carefully design an attentive anomaly focusing mechanism that visually and linguistically guides the model to adaptively focus on the visual context of interest, thereby facilitating the detection of traffic anomalies. It is shown that our proposed TTHF achieves promising performance, outperforming state-of-the-art competitors by +5.4% AUC on the DoTA dataset and achieving high generalization on the DADA dataset.",0,scopus_export,https://doi.org/10.48550/arxiv.2401.03522,false
CAND-041,Exploring deep learning-based content-based video retrieval with Hierarchical Navigable Small World index and ResNet-50 features for anomaly detection,Muthurasu Nallappan|Rajasekar Velswamy,Expert Systems with Applications,2024,10.1016/j.eswa.2024.123197,,11,scopus_export,https://doi.org/10.1016/j.eswa.2024.123197,false
CAND-042,Video Anomaly Detection and Explanation via Large Language Models,Hui Lv|Qianru Sun,arXiv (Cornell University),2024,10.48550/arxiv.2401.05702,"Video Anomaly Detection (VAD) aims to localize abnormal events on the timeline of long-range surveillance videos. Anomaly-scoring-based methods have been prevailing for years but suffer from the high complexity of thresholding and low explanability of detection results. In this paper, we conduct pioneer research on equipping video-based large language models (VLLMs) in the framework of VAD, making the VAD model free from thresholds and able to explain the reasons for the detected anomalies. We introduce a novel network module Long-Term Context (LTC) to mitigate the incapability of VLLMs in long-range context modeling. We design a three-phase training method to improve the efficiency of fine-tuning VLLMs by substantially minimizing the requirements for VAD data and lowering the costs of annotating instruction-tuning data. Our trained model achieves the top performance on the anomaly videos of the UCF-Crime and TAD benchmarks, with the AUC improvements of +3.86\% and +4.96\%, respectively. More impressively, our approach can provide textual explanations for detected anomalies.",4,scopus_export,https://doi.org/10.48550/arxiv.2401.05702,false
CAND-043,Transformer Based Sptial-Temporal Extraction Model for Video Anomaly Detection,Zhiqiang Wang|Xiaojing Gu|Xingsheng Gu,,2024,10.1109/icrca60878.2024.10649355,,3,scopus_export,https://doi.org/10.1109/icrca60878.2024.10649355,false
CAND-044,"Ready or Not, Artificial Intelligence Is Here!",Saša Tomić|Gigi Karmous‐Edwards|Paul Fleming,Proceedings of the Water Environment Federation,2024,10.2175/193864718825159238,,0,scopus_export,https://doi.org/10.2175/193864718825159238,false
CAND-045,TA-NET: Empowering Highly Efficient Traffic Anomaly Detection Through Multi-Head Local Self-Attention and Adaptive Hierarchical Feature Reconstruction,Junzhou Chen|Jiajun Pu|Baiqiao Yin|Ronghui Zhang|Jun Jie Wu,IEEE Transactions on Intelligent Transportation Systems,2024,10.1109/tits.2024.3365820,,7,scopus_export,https://doi.org/10.1109/tits.2024.3365820,false
CAND-046,Audio–visual representation learning for anomaly events detection in crowds,Junyu Gao|Hao Yang|Maoguo Gong|Xuelong Li,Neurocomputing,2024,10.1016/j.neucom.2024.127489,,23,scopus_export,https://doi.org/10.1016/j.neucom.2024.127489,false
CAND-047,Transformer-Based Spatio-Temporal Unsupervised Traffic Anomaly Detection in Aerial Videos,Tung Tran|Doanh C. Bui|Tam Nguyen|Khang Nguyen,IEEE Transactions on Circuits and Systems for Video Technology,2024,10.1109/tcsvt.2024.3376399,,59,scopus_export,https://doi.org/10.1109/tcsvt.2024.3376399,false
CAND-048,VisionGPT: LLM-Assisted Real-Time Anomaly Detection for Safe Visual Navigation,Hao Wang|Jiayou Qin|Ashish Bastola|Xiwen Chen|John Suchanek|Zihao Gong|Abolfazl Razi,arXiv (Cornell University),2024,10.48550/arxiv.2403.12415,"This paper explores the potential of Large Language Models(LLMs) in zero-shot anomaly detection for safe visual navigation. With the assistance of the state-of-the-art real-time open-world object detection model Yolo-World and specialized prompts, the proposed framework can identify anomalies within camera-captured frames that include any possible obstacles, then generate concise, audio-delivered descriptions emphasizing abnormalities, assist in safe visual navigation in complex circumstances. Moreover, our proposed framework leverages the advantages of LLMs and the open-vocabulary object detection model to achieve the dynamic scenario switch, which allows users to transition smoothly from scene to scene, which addresses the limitation of traditional visual navigation. Furthermore, this paper explored the performance contribution of different prompt components, provided the vision for future improvement in visual accessibility, and paved the way for LLMs in video anomaly detection and vision-language understanding.",6,scopus_export,https://doi.org/10.48550/arxiv.2403.12415,false
CAND-049,Harnessing Large Language Models for Training-free Video Anomaly Detection,Luca Zanella|Willi Menapace|Massimiliano Mancini|Yiming Wang|Elisa Ricci,arXiv (Cornell University),2024,10.48550/arxiv.2404.01014,"Video anomaly detection (VAD) aims to temporally locate abnormal events in a video. Existing works mostly rely on training deep models to learn the distribution of normality with either video-level supervision, one-class supervision, or in an unsupervised setting. Training-based methods are prone to be domain-specific, thus being costly for practical deployment as any domain change will involve data collection and model training. In this paper, we radically depart from previous efforts and propose LAnguage-based VAD (LAVAD), a method tackling VAD in a novel, training-free paradigm, exploiting the capabilities of pre-trained large language models (LLMs) and existing vision-language models (VLMs). We leverage VLM-based captioning models to generate textual descriptions for each frame of any test video. With the textual scene description, we then devise a prompting mechanism to unlock the capability of LLMs in terms of temporal aggregation and anomaly score estimation, turning LLMs into an effective video anomaly detector. We further leverage modality-aligned VLMs and propose effective techniques based on cross-modal similarity for cleaning noisy captions and refining the LLM-based anomaly scores. We evaluate LAVAD on two large datasets featuring real-world surveillance scenarios (UCF-Crime and XD-Violence), showing that it outperforms both unsupervised and one-class methods without requiring any training or data collection.",2,scopus_export,https://doi.org/10.48550/arxiv.2404.01014,false
CAND-050,Improving Traffic Surveillance: Deep Learning Approach for Road Anomaly Detection in Videos,Sarfaraz Natha|Muhammad Arif|Syed Shahryar Jamil|Fareed Ahmed Jokhio|Muslim Jameel Syed,,2024,10.1109/icmi60790.2024.10585797,,5,scopus_export,https://doi.org/10.1109/icmi60790.2024.10585797,false
CAND-051,Text-Driven Traffic Anomaly Detection With Temporal High-Frequency Modeling in Driving Videos,Rongqin Liang|Yuanman Li|Jiantao Zhou|Xia Li,IEEE Transactions on Circuits and Systems for Video Technology,2024,10.1109/tcsvt.2024.3390173,,20,scopus_export,https://doi.org/10.1109/tcsvt.2024.3390173,false
CAND-052,"Uncovering What, Why and How: A Comprehensive Benchmark for Causation Understanding of Video Anomaly",Hang Du|Sicheng Zhang|Binzhu Xie|Guoshun Nan|Jiayang Zhang|Junrui Xu|Hangyu Liu|Sicong Leng|Jiangming Liu|Hehe Fan|Dajiu Huang|Jing Feng|Linli Chen|Can Zhang|Xuhuan Li|Hao Zhang|Jianhang Chen|Qimei Cui|Xiaofeng Tao,arXiv (Cornell University),2024,10.48550/arxiv.2405.00181,"Video anomaly understanding (VAU) aims to automatically comprehend unusual occurrences in videos, thereby enabling various applications such as traffic surveillance and industrial manufacturing. While existing VAU benchmarks primarily concentrate on anomaly detection and localization, our focus is on more practicality, prompting us to raise the following crucial questions: ""what anomaly occurred?"", ""why did it happen?"", and ""how severe is this abnormal event?"". In pursuit of these answers, we present a comprehensive benchmark for Causation Understanding of Video Anomaly (CUVA). Specifically, each instance of the proposed benchmark involves three sets of human annotations to indicate the ""what"", ""why"" and ""how"" of an anomaly, including 1) anomaly type, start and end times, and event descriptions, 2) natural language explanations for the cause of an anomaly, and 3) free text reflecting the effect of the abnormality. In addition, we also introduce MMEval, a novel evaluation metric designed to better align with human preferences for CUVA, facilitating the measurement of existing LLMs in comprehending the underlying cause and corresponding effect of video anomalies. Finally, we propose a novel prompt-based method that can serve as a baseline approach for the challenging CUVA. We conduct extensive experiments to show the superiority of our evaluation metric and the prompt-based approach. Our code and dataset are available at https://github.com/fesvhtr/CUVA.",0,scopus_export,https://doi.org/10.48550/arxiv.2405.00181,false
CAND-053,MMVAD: A Vision-Language Model for Cross-Domain Video Anomaly Detection with Contrastive Learning and Scale-Adaptive Frame Segmentation,Debojyoti Biswas|Jelena Tešić,,2024,10.36227/techrxiv.171624094.40166979/v1,"Video Anomaly Detection (VAD) is crucial for public safety and detecting abnormalities in riskprone zones. Anomaly Detection from weakly-labeled datasets has been very challenging for CCTV surveillance videos. The challenge is more intense when we involve high-altitude drone videos for VAD tasks. There have been very few works for drone-captured VAD; even the existing CCTV VAD methods suffer from several limitations that hinder their optimal performance. The previous works for VAD mostly use single modal data, e.g., video data, which is insufficient to understand the complex scene context. Moreover, the existing multimodal systems use the traditional linear fusion method to capture multimodal feature interaction, which does not address the misalignment issue from different modalities. Next, the existing work relies on fixed-scale video segmentation, which fails to preserve the fine-grained local and global context knowledge. Also, it was found that the feature magnitude-based VAD does not correctly represent the anomalous events. To address these issues, we present a novel vision-language-based video anomaly detection for drone videos. We use adaptive long-short-term video segmentation (ALSVS) for local-global knowledge extraction. Next, we propose to use a shallow yet efficient attention-based feature fusion (AFF) technique for multimodal VAD (MMVAD) tasks. Finally, for the first time, we introduce feature anomaly learning based on a saliency-aware contrastive algorithm. We found contrastive anomaly feature learning is more robust than the magnitude-based loss calculation. We performed experiments on two of the latest drone VAD datasets (Drone-Anomaly and UIT Drone), as well as two CCTV VAD datasets (UCF crime and XD-Violence). Compared to the baseline and closest SOTA, we achieved at least a +3.8% and +3.3% increase in AUC, respectively, for the drone and CCTV datasets.",1,scopus_export,https://doi.org/10.36227/techrxiv.171624094.40166979/v1,false
CAND-054,Multimodal video analysis for crowd anomaly detection using open access tourism cameras,"Alejandro Dionis-Ros|Joan Vila‐Francés|Magdalena-Benedicto, Rafael|Fernando Mateo|Antonio J. Serrano-López",arXiv (Cornell University),2024,10.48550/arxiv.2405.12708,"In this article, we propose the detection of crowd anomalies through the extraction of information in the form of time series from video format using a multimodal approach. Through pattern recognition algorithms and segmentation, informative measures of the number of people and image occupancy are extracted at regular intervals, which are then analyzed to obtain trends and anomalous behaviors. Specifically, through temporal decomposition and residual analysis, intervals or specific situations of unusual behaviors are identified, which can be used in decision-making and improvement of actions in sectors related to human movement such as tourism or security. The application of this methodology on the webcam of Turisme Comunitat Valenciana in the town of Morella (Comunitat Valenciana, Spain) has provided excellent results. It is shown to correctly detect specific anomalous situations and unusual overall increases during the previous weekend and during the festivities in October 2023. These results have been obtained while preserving the confidentiality of individuals at all times by using measures that maximize anonymity, without trajectory recording or person recognition.",0,scopus_export,https://doi.org/10.48550/arxiv.2405.12708,false
CAND-055,Video anomaly detection algorithm based on knowledge distillation and deep probability estimation,Xingya Chang|Yunhe Wu|Shizhuo Deng|Dongyue Chen,,2024,10.1109/ccdc62350.2024.10588339,,0,scopus_export,https://doi.org/10.1109/ccdc62350.2024.10588339,false
CAND-056,Video Anomaly Detection in 10 Years: A Survey and Outlook,Moshira Abdalla|Sajid Javed|Muaz Al Radi|Anwaar Ulhaq|Naoufel Werghi,arXiv (Cornell University),2024,10.48550/arxiv.2405.19387,"Video anomaly detection (VAD) holds immense importance across diverse domains such as surveillance, healthcare, and environmental monitoring. While numerous surveys focus on conventional VAD methods, they often lack depth in exploring specific approaches and emerging trends. This survey explores deep learning-based VAD, expanding beyond traditional supervised training paradigms to encompass emerging weakly supervised, self-supervised, and unsupervised approaches. A prominent feature of this review is the investigation of core challenges within the VAD paradigms including large-scale datasets, features extraction, learning methods, loss functions, regularization, and anomaly score prediction. Moreover, this review also investigates the vision language models (VLMs) as potent feature extractors for VAD. VLMs integrate visual data with textual descriptions or spoken language from videos, enabling a nuanced understanding of scenes crucial for anomaly detection. By addressing these challenges and proposing future research directions, this review aims to foster the development of robust and efficient VAD systems leveraging the capabilities of VLMs for enhanced anomaly detection in complex real-world scenarios. This comprehensive analysis seeks to bridge existing knowledge gaps, provide researchers with valuable insights, and contribute to shaping the future of VAD research.",5,scopus_export,https://doi.org/10.48550/arxiv.2405.19387,false
CAND-057,Real-Time Machine State Monitoring via CCTV: A Comprehensive Approach,Subhabaha Pal,Indian Journal of Computer Science,2024,10.17010/ijcs/2024/v9/i3/174148,,0,scopus_export,https://doi.org/10.17010/ijcs/2024/v9/i3/174148,false
CAND-058,"Towards Surveillance Video-and-Language Understanding: New Dataset, Baselines, and Challenges",Tongtong Yuan|Xuange Zhang|Kun Liu|Bo Liu|Chen Chen|Jian Jin|Zhenzhen Jiao,,2024,10.1109/cvpr52733.2024.02082,,38,scopus_export,https://doi.org/10.1109/cvpr52733.2024.02082,false
CAND-059,Harnessing Large Language Models for Training-Free Video Anomaly Detection,Luca Zanella|Willi Menapace|Massimiliano Mancini|Yiming Wang|Elisa Ricci,,2024,10.1109/cvpr52733.2024.01753,,85,scopus_export,https://doi.org/10.1109/cvpr52733.2024.01753,false
CAND-060,"Uncovering what, why and How: A Comprehensive Benchmark for Causation Understanding of Video Anomaly",Hang Du|Sicheng Zhang|Binzhu Xie|Guoshun Nan|Jiayang Zhang|Junrui Xu|Hangyu Liu|Sicong Leng|Jiangming Liu|Hehe Fan|Dajiu Huang|Jing Feng|Linli Chen|Can Zhang|Xuhuan Li|Hao Zhang|Jianhang Chen|Qimei Cui|Xiaofeng Tao,,2024,10.1109/cvpr52733.2024.01778,,26,scopus_export,https://doi.org/10.1109/cvpr52733.2024.01778,false
CAND-061,Open-Vocabulary Video Anomaly Detection,Peng Wu|Xuerong Zhou|Guansong Pang|Yujia Sun|Jing Liu|Peng Wang|Zhang Yanning,,2024,10.1109/cvpr52733.2024.01732,,86,scopus_export,https://doi.org/10.1109/cvpr52733.2024.01732,false
CAND-062,M2VAD : Multiview multimodality transformer-based weakly supervised video anomaly detection,S. Paulraj|V. Subramaniyaswamy,Image and Vision Computing,2024,10.1016/j.imavis.2024.105139,,15,scopus_export,https://doi.org/10.1016/j.imavis.2024.105139,false
CAND-063,REMONI: An Autonomous System Integrating Wearables and Multimodal Large Language Models for Enhanced Remote Health Monitoring,Thanh Cong Ho|Farah Kharrat|Abderrazek Abid|Fakhri Karray|Anis Koubâa,,2024,10.1109/memea60663.2024.10596778,"With the widespread adoption of wearable devices in our daily lives, the demand and appeal for remote patient monitoring have significantly increased. Most research in this field has concentrated on collecting sensor data, visualizing it, and analyzing it to detect anomalies in specific diseases such as diabetes, heart disease and depression. However, this domain has a notable gap in the aspect of human-machine interaction. This paper proposes REMONI, an autonomous REmote health MONItoring system that integrates multimodal large language models (MLLMs), the Internet of Things (loT), and wearable devices. The system automatically and continuously collects vital signs, accelerometer data from a special wearable (such as a smartwatch), and visual data in patient video clips collected from cameras. This data is processed by an anomaly detection module, which includes a fall detection model and algorithms to identify and alert caregivers of the patient's emergency conditions. A distinctive feature of our proposed system is the natural lan-guage processing component, developed with MLLMs capable of detecting and recognizing a patient's activity and emotion while responding to healthcare worker's inquiries. Additionally, prompt engineering is employed to integrate all patient information seamlessly. As a result, doctors and nurses can access real-time vital signs and the patient's current state and mood by interacting with an intelligent agent through a user-friendly web application. Our experiments demonstrate that our system is implementable and scalable for real-life scenarios, potentially reducing the workload of medical professionals and healthcare costs. A full-fledged prototype illustrating the functionalities of the system has been developed and being tested to demonstrate the robustness of its various capabilities.",11,scopus_export,https://doi.org/10.1109/memea60663.2024.10596778,false
CAND-064,MissionGNN: Hierarchical Multimodal GNN-based Weakly Supervised Video Anomaly Recognition with Mission-Specific Knowledge Graph Generation,Sanggeon Yun|Ryozo Masukawa|Minhyoung Na|Mohsen Imani,arXiv (Cornell University),2024,10.48550/arxiv.2406.18815,"In the context of escalating safety concerns across various domains, the tasks of Video Anomaly Detection (VAD) and Video Anomaly Recognition (VAR) have emerged as critically important for applications in intelligent surveillance, evidence investigation, violence alerting, etc. These tasks, aimed at identifying and classifying deviations from normal behavior in video data, face significant challenges due to the rarity of anomalies which leads to extremely imbalanced data and the impracticality of extensive frame-level data annotation for supervised learning. This paper introduces a novel hierarchical graph neural network (GNN) based model MissionGNN that addresses these challenges by leveraging a state-of-the-art large language model and a comprehensive knowledge graph for efficient weakly supervised learning in VAR. Our approach circumvents the limitations of previous methods by avoiding heavy gradient computations on large multimodal models and enabling fully frame-level training without fixed video segmentation. Utilizing automated, mission-specific knowledge graph generation, our model provides a practical and efficient solution for real-time video analysis without the constraints of previous segmentation-based or multimodal approaches. Experimental validation on benchmark datasets demonstrates our model's performance in VAD and VAR, highlighting its potential to redefine the landscape of anomaly detection and recognition in video surveillance systems. The code is available here: https://github.com/c0510gy/MissionGNN.",1,scopus_export,https://doi.org/10.48550/arxiv.2406.18815,false
CAND-065,Strangeness Detection from Crowded Video Scenes by Hand-Crafted and Deep Learning Features,Ali A. Hussan|Shaimaa H. Shaker|Akbas Ezaldeen Ali,Journal of soft computing & computer applications.,2024,10.70403/3008-1084.1005,"Video anomaly detection is one of the trickiest issues in intelligent video surveillance because of the complexity of real data and the hazy definition of anomalies. Since abnormal occurrences typically seem different from normal events and move differently. The global optical flow was determined with the maximum accuracy and speed using the Farneback approach for calculating the magnitudes. Two approaches have been used in this study to detect strangeness in the video. These approaches are Deep Learning (DL) and manuality. The first method uses the activity map's development of entropy to detect the oddity in the video using a particular threshold. The second method uses a Convolutional Recurrent Auto Encoder (CRAE). CRAE is a network that combines a convolutional autoencoder and an attention-based Convolutional Long-Short-Term Memory (ConvLSTM) network. The irregularity regarding the temporal pattern and the spatial irregularity, respectively, might be captured by the convolutional autoencoder and ConvLSTM network. The current output properties of each CovnLSTM layer were extracted from their hidden states using the attention method. Comparing the error with an experimentally established threshold, anomalies were specified to exist and a convolutional decoder was used to recreate the input video clip and the testing video clip. The best detection of whether in-frame variation was abnormal or normal, a trial-and-error threshold was 0.04 for handcrafted features through the University of Minnesota (UMN) dataset and 0.00035 for DL features through the avanue dataset.",4,scopus_export,https://doi.org/10.70403/3008-1084.1005,false
CAND-066,Follow the Rules: Reasoning for Video Anomaly Detection with Large Language Models,Yuchen Yang|Kwonjoon Lee|Behzad Dariush|Yinzhi Cao|Shao-Yuan Lo,arXiv (Cornell University),2024,10.48550/arxiv.2407.10299,"Video Anomaly Detection (VAD) is crucial for applications such as security surveillance and autonomous driving. However, existing VAD methods provide little rationale behind detection, hindering public trust in real-world deployments. In this paper, we approach VAD with a reasoning framework. Although Large Language Models (LLMs) have shown revolutionary reasoning ability, we find that their direct use falls short of VAD. Specifically, the implicit knowledge pre-trained in LLMs focuses on general context and thus may not apply to every specific real-world VAD scenario, leading to inflexibility and inaccuracy. To address this, we propose AnomalyRuler, a novel rule-based reasoning framework for VAD with LLMs. AnomalyRuler comprises two main stages: induction and deduction. In the induction stage, the LLM is fed with few-shot normal reference samples and then summarizes these normal patterns to induce a set of rules for detecting anomalies. The deduction stage follows the induced rules to spot anomalous frames in test videos. Additionally, we design rule aggregation, perception smoothing, and robust reasoning strategies to further enhance AnomalyRuler's robustness. AnomalyRuler is the first reasoning approach for the one-class VAD task, which requires only few-normal-shot prompting without the need for full-shot training, thereby enabling fast adaption to various VAD scenarios. Comprehensive experiments across four VAD benchmarks demonstrate AnomalyRuler's state-of-the-art detection performance and reasoning ability. AnomalyRuler is open-source and available at: https://github.com/Yuchen413/AnomalyRuler",3,scopus_export,https://doi.org/10.48550/arxiv.2407.10299,false
CAND-067,Enhanced Real-Time Abnormal Event Detection in Video Surveillance for Safety and Security,C. Muralidharan|V. Arulalan|Kishore Anthuvan Sahayaraj K|Nishant Sheoran,,2024,10.1109/icstsn61422.2024.10670732,,2,scopus_export,https://doi.org/10.1109/icstsn61422.2024.10670732,false
CAND-068,Neural Network-Driven Smart City Security Monitoring in Beijing Multimodal Data Integration and Real-Time Anomaly Detection,Yao Yao,International Journal of Computer Science and Information Technology,2024,10.62051/ijcsit.v3n3.11,"Our study presents the development and implementation of a neural network-based smart city security monitoring system tailored for the urban environment of Beijing. Leveraging multimodal data integration, the system processes over 1,200 hours of video footage, 800 hours of audio recordings, and 400 hours of thermal data to provide comprehensive surveillance and real-time anomaly detection. The system achieved high accuracy rates of 96% for overcrowding detection, 93% for unauthorized access, and 90% for unattended objects, with corresponding precision rates of 96%, 95%, and 93%. The recall rates were slightly lower, at 89%, 87%, and 85%, respectively. Our system's implementation of edge computing enabled rapid response times, recorded at 1.5 seconds for subway stations, 2.0 seconds for Tiananmen Square, and 1.2 seconds for public transport hubs. These results underscore the system's effectiveness in delivering real-time monitoring and timely alerts, crucial for managing high-density areas and critical infrastructure in Beijing. The integration of advanced AI techniques, including transfer learning and Generative Adversarial Networks (GANs), further enhanced the system's adaptability and robustness in detecting rare and unlabeled events. This study highlights the system's potential to significantly improve urban security infrastructure, offering a scalable and efficient solution for smart city applications.",5,scopus_export,https://doi.org/10.62051/ijcsit.v3n3.11,false
CAND-069,Delving into CLIP latent space for Video Anomaly Recognition,Luca Zanella|Benedetta Liberatori|Willi Menapace|Fabio Poiesi|Yiming Wang|Elisa Ricci,Computer Vision and Image Understanding,2024,10.1016/j.cviu.2024.104163,,60,scopus_export,https://doi.org/10.1016/j.cviu.2024.104163,false
CAND-070,Scene-Dependent Prediction in Latent Space for Video Anomaly Detection and Anticipation,Congqi Cao|Hanwen Zhang|Yue Lu|Peng Wang|Yanning Zhang,IEEE Transactions on Pattern Analysis and Machine Intelligence,2024,10.1109/tpami.2024.3461718,,28,scopus_export,https://doi.org/10.1109/tpami.2024.3461718,false
CAND-071,Surveillance Video-and-Language Understanding: From Small to Large Multimodal Models,Tongtong Yuan|Xuange Zhang|Bo Liu|Kun Liu|Jian Gang Jin|Zhenzhen Jiao,IEEE Transactions on Circuits and Systems for Video Technology,2024,10.1109/tcsvt.2024.3462433,,24,scopus_export,https://doi.org/10.1109/tcsvt.2024.3462433,false
CAND-072,Multimodal Attention-Enhanced Feature Fusion-based Weekly Supervised Anomaly Violence Detection,Yuta Kaneko|Abu Saleh Musa Miah|Najmul Hassan|Hyoun-Sup Lee|Si-Woong Jang|Jungpil Shin,arXiv (Cornell University),2024,10.48550/arxiv.2409.11223,"Weakly supervised video anomaly detection (WS-VAD) is a crucial area in computer vision for developing intelligent surveillance systems. This system uses three feature streams: RGB video, optical flow, and audio signals, where each stream extracts complementary spatial and temporal features using an enhanced attention module to improve detection accuracy and robustness. In the first stream, we employed an attention-based, multi-stage feature enhancement approach to improve spatial and temporal features from the RGB video where the first stage consists of a ViT-based CLIP module, with top-k features concatenated in parallel with I3D and Temporal Contextual Aggregation (TCA) based rich spatiotemporal features. The second stage effectively captures temporal dependencies using the Uncertainty-Regulated Dual Memory Units (UR-DMU) model, which learns representations of normal and abnormal data simultaneously, and the third stage is employed to select the most relevant spatiotemporal features. The second stream extracted enhanced attention-based spatiotemporal features from the flow data modality-based feature by taking advantage of the integration of the deep learning and attention module. The audio stream captures auditory cues using an attention module integrated with the VGGish model, aiming to detect anomalies based on sound patterns. These streams enrich the model by incorporating motion and audio signals often indicative of abnormal events undetectable through visual analysis alone. The concatenation of the multimodal fusion leverages the strengths of each modality, resulting in a comprehensive feature set that significantly improves anomaly detection accuracy and robustness across three datasets. The extensive experiment and high performance with the three benchmark datasets proved the effectiveness of the proposed system over the existing state-of-the-art system.",1,scopus_export,https://doi.org/10.48550/arxiv.2409.11223,false
CAND-073,Optimal Feature Extractor for Video Anomaly Detection in Public Transportation Applications,Jonathan Flores-Monroy|Gibran Benítez-García|Mariko Nakano-Miyatake|Hiroki Takahashi,Frontiers in artificial intelligence and applications,2024,10.3233/faia240373,,1,scopus_export,https://doi.org/10.3233/faia240373,false
CAND-074,Educational Administration: Theory and Practice,Manikanth Sarisa|Venkata Nagesh Boddapati|Gagan Kumar Patra|Chandrababu Kuraku|Siddharth Konkimalla,,2024,10.53555//kuey.v28i4.7863,"Over the past decade, deep learning has emerged as a revolutionary technology for the analysis of visual data, particularly images. This master's thesis focuses on deep learning approaches to image classification, which is a key task in many applications using visual data analysis. A state-of-the-art deep learning model, namely the Vision Transformer (ViT), is explored for image classification. ViT is trained using transfer-learning techniques on a new dataset of over 350,000 photographs of European buildings in eight cities, obtained across two separate flights from a drone-mounted camera. Initial results demonstrate that models pre-trained on large datasets such as JFT-300M can achieve performance competitively with the fine-tuning of models trained from scratch on smaller datasets and that ViT outperforms convolutional neural networks for drone-captured images. Further, the prospects of deep learning for image classification are discussed, highlighting the potential impact of new research directions within the architectural vision transformer domain (e.g., Swin-Transformer, CrossViTs, T2T-vision Transformer) and new training techniques (e.g., Vision-Language Pre-training models, multi-modality input). The exponential increase in data generated by cameras, mobile devices, and Internet-of-Things (IoT) sensors has escalated the need for automated processing and analysis of visual data. Furthermore, images and video frames are a popular medium for data collection across various domains, including commercial and industrial. Image classification, or finding the most relevant label for a given photograph, is one key task in many applications using visual data analysis. Popular applications include multimedia search engines, mobile applications navigating to points of interest (POI), and anomaly detection in industrial cameras. As a consequence, many datasets have been assembled, containing millions of photographs collected and labeled according to city, object, or scene. Deep neural networks trained end-to-end directly on pixels have become state-of-the-art image classification technology. More recently, architectures based solely on attention mechanisms, eschewing convolutions, have challenged the long-standing dominance of convolutional neural networks.",1,scopus_export,https://doi.org/10.53555//kuey.v28i4.7863,false
CAND-075,A Lightweight Video Surveillance Anomaly Detection Method Based on Image Semantic Representation,Shaohong Li|Zhiguo Shi|Yong Wang,,2024,10.1109/aiotsys63104.2024.10780555,,0,scopus_export,https://doi.org/10.1109/aiotsys63104.2024.10780555,false
CAND-076,A Lightweight Dual-Branch System for Weakly-Supervised Video Anomaly Detection on Consumer Edge Devices,"Wendong Jiang|Chih‐Yung Chang|Kuai, Ssu-Chi|Diptendu Sinha Roy",arXiv (Cornell University),2024,10.48550/arxiv.2410.21991,"The growing demand for intelligent security in consumer electronics, such as smart home cameras and personal monitoring systems, is often hindered by the high computational cost and large model sizes of advanced AI. These limitations prevent the effective deployment of real-time Video Anomaly Detection (VAD) on resource-constrained edge devices. To bridge this gap, this paper introduces Rule-based Video Anomaly Detection (RuleVAD), a novel, lightweight system engineered for high-efficiency and low-complexity threat detection directly on consumer hardware. RuleVAD features an innovative decoupled dual-branch architecture to minimize computational load. An implicit branch uses visual features for rapid, coarse-grained binary classification, efficiently filtering out normal activity to avoid unnecessary processing. For potentially anomalous or complex events, a multimodal explicit branch takes over. This branch leverages YOLO-World to detect objects and applies data mining to generate interpretable, text-based association rules from the scene. By aligning these rules with visual data, RuleVAD achieves a more nuanced, fine-grained classification, significantly reducing the false alarms common in vision-only systems. Extensive experiments on the XD-Violence and UCF-Crime benchmark datasets show that RuleVAD achieves superior performance, surpassing existing state-of-the-art methods in both accuracy and speed. Crucially, the entire system is optimized for low-power operation and is fully deployable on an NVIDIA Jetson Nano board, demonstrating its practical feasibility for bringing advanced, real-time security monitoring to everyday consumer electronic devices.",2,scopus_export,https://doi.org/10.48550/arxiv.2410.21991,false
CAND-077,Follow the Rules: Reasoning for Video Anomaly Detection with Large Language Models,Yuchen Yang|Kwonjoon Lee|Behzad Dariush|Yinzhi Cao|Shao-Yuan Lo,Lecture notes in computer science,2024,10.1007/978-3-031-73004-7_18,,42,scopus_export,https://doi.org/10.1007/978-3-031-73004-7_18,false
CAND-078,The Future of Smart Home Security: Generative AI and LLMs for Intelligent Event Detection and Personalized Notifications,Sibin Thomas,INTERANTIONAL JOURNAL OF SCIENTIFIC RESEARCH IN ENGINEERING AND MANAGEMENT,2024,10.55041/ijsrem37369,"Abstract—Smart home security cameras are becoming more common, but their usefulness can be diminished by notification fatigue from too many alerts about minor incidents. This paper examines the gaps of existing event detection and notification systems in security cameras and then recommends using Generative AI and Large Language Models (LLMs) to add intelligence which would improve user experience. Generative AI can be leveraged to classify events more accurately and assist with anomaly detection. LLMs can further be used to create notifications that are tailored to the context and personalized to users behavior, helping to reduce notification fatigue and provide meaningful user alerts. The paper also looks into wider applications of these technologies to add intelligence and improve other related experiences like automated video summarization, proactive security measures, and improved privacy controls. The integration of Generative AI and LLMs with smart home security camera systems advances the smart cameras capabilities and offers enhanced security, personalized user experiences. Keywords—Smart home security, Generative AI, Large Language Models (LLMs), Event detection, Anomaly detection, Notification fatigue, Context-aware notifications, Personalized security, Reinforcement Learning from Human Feedback (RLHF), Internet of Things (IoT).",0,scopus_export,https://doi.org/10.55041/ijsrem37369,false
CAND-079,Weakly-Supervised Anomaly Detection in Surveillance Videos Based on Two-Stream I3D Convolution Network,Sareh Soltani Nejad|Anwar Haque,arXiv (Cornell University),2024,10.48550/arxiv.2411.08755,"The widespread implementation of urban surveillance systems has necessitated more sophisticated techniques for anomaly detection to ensure enhanced public safety. This paper presents a significant advancement in the field of anomaly detection through the application of Two-Stream Inflated 3D (I3D) Convolutional Networks. These networks substantially outperform traditional 3D Convolutional Networks (C3D) by more effectively extracting spatial and temporal features from surveillance videos, thus improving the precision of anomaly detection. Our research advances the field by implementing a weakly supervised learning framework based on Multiple Instance Learning (MIL), which uniquely conceptualizes surveillance videos as collections of 'bags' that contain instances (video clips). Each instance is innovatively processed through a ranking mechanism that prioritizes clips based on their potential to display anomalies. This novel strategy not only enhances the accuracy and precision of anomaly detection but also significantly diminishes the dependency on extensive manual annotations. Moreover, through meticulous optimization of model settings, including the choice of optimizer, our approach not only establishes new benchmarks in the performance of anomaly detection systems but also offers a scalable and efficient solution for real-world surveillance applications. This paper contributes significantly to the field of computer vision by delivering a more adaptable, efficient, and context-aware anomaly detection system, which is poised to redefine practices in urban surveillance.",2,scopus_export,https://doi.org/10.48550/arxiv.2411.08755,false
CAND-080,Continuous GNN-based Anomaly Detection on Edge using Efficient Adaptive Knowledge Graph Learning,Sanggeon Yun|Ryozo Masukawa|William Youngwoo Chung|Minhyoung Na|Nathaniel D. Bastian|Mohsen Imani,arXiv (Cornell University),2024,10.48550/arxiv.2411.09072,"The increasing demand for robust security solutions across various industries has made Video Anomaly Detection (VAD) a critical task in applications such as intelligent surveillance, evidence investigation, and violence detection. Traditional approaches to VAD often rely on finetuning large pre-trained models, which can be computationally expensive and impractical for real-time or resource-constrained environments. To address this, MissionGNN introduced a more efficient method by training a graph neural network (GNN) using a fixed knowledge graph (KG) derived from large language models (LLMs) like GPT-4. While this approach demonstrated significant efficiency in computational power and memory, it faces limitations in dynamic environments where frequent updates to the KG are necessary due to evolving behavior trends and shifting data patterns. These updates typically require cloud-based computation, posing challenges for edge computing applications. In this paper, we propose a novel framework that facilitates continuous KG adaptation directly on edge devices, overcoming the limitations of cloud dependency. Our method dynamically modifies the KG through a three-phase process: pruning, alternating, and creating nodes, enabling real-time adaptation to changing data trends. This continuous learning approach enhances the robustness of anomaly detection models, making them more suitable for deployment in dynamic and resource-constrained environments.",0,scopus_export,https://doi.org/10.48550/arxiv.2411.09072,false
CAND-081,Multimodal Video Analysis for Crowd Anomaly Detection Using Open Access Tourism Cameras,Alejandro Dionis-Ros|Joan Vila‐Francés|Rafael Magdalena‐Benedito|Fernando Mateo|Antonio J. Serrano-López,Applied Sciences,2024,10.3390/app142311075,"In this article, we propose the detection of crowd anomalies through the extraction of information in the form of time series in video format using a multimodal approach. Through pattern recognition algorithms and segmentation, informative measures of the number of people and image occupancy are extracted at regular intervals, which are then analyzed to obtain trends and anomalous behaviors. Specifically, through temporal decomposition and residual analysis, intervals or specific situations of unusual behaviors are identified, which can be used in decision-making and the improvement of actions in sectors related to human movement such as tourism or security. This methodology introduces a novel, privacy-focused approach by analyzing anonymized metrics rather than tracking or recognizing individuals, setting a new standard for ethical crowd monitoring. Applied to the webcam of Turisme Comunitat Valenciana in the town of Morella (Comunitat Valenciana, Spain), this approach has shown excellent results, correctly detecting specific anomalous situations and unusual overall increases during the previous weekend and during the October 2023 festivities. These results have been obtained while preserving the confidentiality of individuals at all times by using measures that maximize anonymity, without trajectory recording or person recognition.",7,scopus_export,https://doi.org/10.3390/app142311075,false
CAND-082,NewsEye: AI Powered Anomaly Detection and News Reporting,Sangameshwar Patil|Ashutosh Thakre|Dhanshree Tamkhane|Tejas Phalke|Nayana Thakur,,2024,10.1109/icdcc62744.2024.10960789,,0,scopus_export,https://doi.org/10.1109/icdcc62744.2024.10960789,false
CAND-083,FedVAD: Enhancing Federated Video Anomaly Detection with GPT-Driven Semantic Distillation,Fan Qi|Ruijie Pan|Huaiwen Zhang|Changsheng Xu,Lecture notes in computer science,2024,10.1007/978-3-031-73668-1_14,,5,scopus_export,https://doi.org/10.1007/978-3-031-73668-1_14,false
CAND-084,From Detection to Action: A Multimodal AI Framework for Traffic Incident Response,Afaq Ahmed|Muhammad Farhan|Hassan Eesaar|Kil To Chong|Hilal Tayara,Drones,2024,10.3390/drones8120741,"With the rising incidence of traffic accidents and growing environmental concerns, the demand for advanced systems to ensure traffic and environmental safety has become increasingly urgent. This paper introduces an automated highway safety management framework that integrates computer vision and natural language processing for real-time monitoring, analysis, and reporting of traffic incidents. The system not only identifies accidents but also aids in coordinating emergency responses, such as dispatching ambulances, fire services, and police, while simultaneously managing traffic flow. The approach begins with the creation of a diverse highway accident dataset, combining public datasets with drone and CCTV footage. YOLOv11s is retrained on this dataset to enable real-time detection of critical traffic elements and anomalies, such as collisions and fires. A vision–language model (VLM), Moondream2, is employed to generate detailed scene descriptions, which are further refined by a large language model (LLM), GPT 4-Turbo, to produce concise incident reports and actionable suggestions. These reports are automatically sent to relevant authorities, ensuring prompt and effective response. The system’s effectiveness is validated through the analysis of diverse accident videos and zero-shot simulation testing within the Webots environment. The results highlight the potential of combining drone and CCTV imagery with AI-driven methodologies to improve traffic management and enhance public safety. Future work will include refining detection models, expanding dataset diversity, and deploying the framework in real-world scenarios using live drone and CCTV feeds. This study lays the groundwork for scalable and reliable solutions to address critical traffic safety challenges.",26,scopus_export,https://doi.org/10.3390/drones8120741,false
CAND-085,Enhancing Weakly Supervised Anomaly Detection in Surveillance Videos: The CLIP-Augmented Bimodal Memory Enhanced Network,Yinglong Wu|Zhaoyong Mao|Chenyang Yu|Guanglin Liu|Junge Shen,,2024,10.1109/icarcv63323.2024.10821687,,1,scopus_export,https://doi.org/10.1109/icarcv63323.2024.10821687,false
CAND-086,MIL Based Anomaly Detection in Surveillance Videos Using I3D and Clip Feature Extractor,Shahriar Iqbal Shahriar|Abu Bakar Siddique|Monideepa Kundu,,2024,10.1109/icece64886.2024.11024996,,0,scopus_export,https://doi.org/10.1109/icece64886.2024.11024996,false
CAND-087,"Surveil Guard: Intelligent Surveillance - Detecting, Reporting, and Alerting",S. Hariprasath|Amool Sudhan|S. Keerthi Vasagan|P. Roy Sudha Reetha,International Research Journal on Advanced Engineering Hub (IRJAEH),2024,10.47392/irjaeh.2024.0390,"As security challenges evolve, traditional surveillance systems often fall short in effectively identifying and responding to real-time threats. This paper introduces SurveilGuard, a novel, AI-powered surveillance framework designed to autonomously detect, report, and respond to abnormal activities such as fighting, smoking, hugging, and other predefined behaviors in real time. Leveraging motion-triggered camera activation via the ESP32-CAM and powerful anomaly detection models like YOLO for activity recognition, SurveilGuard offers a seamless integration of video capture, behavior analysis, and incident reporting. When abnormal activities are detected, the system sends real-time alerts using Twilio and automatically generates detailed reports enriched with video evidence and contextual data using CLIP for image-text matching. These reports are securely stored and easily accessible via a web interface for authorized personnel, enhancing situational awareness and operational response. Additionally, Power BI is employed for data visualization, allowing for comprehensive reporting and interactive dashboards. SurveilGuard represents a significant advancement in automated surveillance, offering a scalable solution for real-time security monitoring with minimal false alarms, empowering security teams to respond quickly and effectively.",0,scopus_export,https://doi.org/10.47392/irjaeh.2024.0390,false
CAND-088,Enhancing Campus Surveillance Using Temporal Self Attention,Sarthak Mishra|Suraiya Jabin,SSRN Electronic Journal,2025,10.2139/ssrn.5083118,,1,scopus_export,https://doi.org/10.2139/ssrn.5083118,false
CAND-089,Multimodal Attention-Enhanced Feature Fusion-Based Weakly Supervised Anomaly Violence Detection,Jungpil Shin|Abu Saleh Musa Miah|Yuta Kaneko|Najmul Hassan|Hyoun-Sup Lee|Si-Woong Jang,IEEE Open Journal of the Computer Society,2025,10.1109/ojcs.2024.3517154,"Weakly supervised video anomaly detection (WS-VAD) plays a pivotal role in advancing intelligent surveillance systems within the field of computer vision. Despite significant research, WS-VAD continues to face challenges, particularly with unimodal approaches that struggle to extract meaningful features effectively. A few research studies have been done on the multimodal dataset fusion-based WS-VAD system, and their performance accuracy is unsatisfactory. In response, we propose a novel WS-VAD system leveraging multimodal datasets with an attention-enhanced feature fusion approach to address these challenges. Our system integrates three distinct data modalities—RGB video, optical flow, and audio signals—where each stream extracts complementary spatial and temporal features using an enhanced attention module to improve the detection accuracy and robustness. In the RGB video stream, we employ a multi-stage, attention-driven feature enhancement process to refine spatial and temporal features. This process begins with a ViT-based CLIP module, where the top k features are concatenated with I3D- and TCA-based spatiotemporal features. Temporal dependencies are then captured through uncertainty-regulated dual memory units (UR-DMUs), allowing the simultaneous learning of normal and anomalous patterns. The final stage selects the most relevant features, yielding a refined representation of RGB-based data. The second stream extracts enhanced spatiotemporal features from flow data using a deep learning and attention module. Lastly, the audio stream detects anomalies in sound patterns through an attention module integrated with the VGGish model, capturing auditory cues. The fusion of these three streams captures motion and audio signals often missed by visual analysis alone, significantly enhancing anomaly detection accuracy and robustness. Our multimodal fusion achieves an average precision (AP) of 88.28% on the XD-Violence dataset, outperforming prior models by nearly 2%, and attains AUCs of 98.71% on the ShanghaiTech dataset and 90.26% on the UCF-Crime dataset. These results underscore the effectiveness of our approach, consistently surpassing existing methods across three benchmark datasets and validating its robustness in WS-VAD applications.",10,scopus_export,https://doi.org/10.1109/ojcs.2024.3517154,false
CAND-090,Audio-Visual Collaborative Learning for Weakly Supervised Video Anomaly Detection,Jingke Meng|Huilin Tian|Ge Lin|Jian-Fang Hu|Wei‐Shi Zheng,IEEE Transactions on Multimedia,2025,10.1109/tmm.2025.3535377,,12,scopus_export,https://doi.org/10.1109/tmm.2025.3535377,false
CAND-091,Design of an Improved Model for Anomaly Detection in CCTV Systems Using Multimodal Fusion and Attention-Based Networks,V. Srilakshmi|Sai Babu Veesam|Mallu Shiva Rama Krishna|Ravi Kumar Munaganuri|Dulam Devee Sivaprasad,IEEE Access,2025,10.1109/access.2025.3536501,"Traditional approaches for video analysis often misdefine anomalies; they usually rely on single-modality input and have inadequate management of complex temporal patterns. This paper resolves these limitations by proposing a comprehensive scheme for multimodal Closed-Circuit Television (CCTV) video analysis. The utilized techniques in this paper comprise the Multimodal Deep Boltzmann Machine (MDBM), Multimodal Variational Autoencoder (MVAE) and Attention-based Fusion Networks, all of which fully utilize the learned representations. MDBM learns shared representations out of heterogeneous data sources, MVAE captures the inherent distribution of multi-modalities, while the mechanism of attention in fusion networks is done to stress important features. Finally, temporal context is modeled using long short-term memory and transformer networks, temporal convolutional networks and transformer networks with temporal encoding. Long Short-Term Memory (LSTM) can capture long-range dependencies in sequential data, while Temporal Convolutional Network (TCN) efficiently models temporal patterns using convolutional layers and Transformer Networks fathom the relative importance of temporal features against one another through self-attention, thus improving their detection accuracy for anomalies that happen over a long duration. The proposed models also offer good improvements in the performance of anomaly detection. In particular, accuracy improved by 5% using MDBM, the false positive rate reduced by 15% with MVAE, a more than 10% improvement in the F1-score with the attentive fusion network, a 20% reduction in reconstruction error with Deep Convolutional Autoencoder (DCA), detection precision improved by 12% using Adversarially Learned Inference (ALI) and a gain of 8% in Area Under the Curve (AUC) using Deep InfoMax (DIM) operations.",10,scopus_export,https://doi.org/10.1109/access.2025.3536501,false
CAND-092,Crowd Anomaly Detection From Drone and Ground,Yoshiki Ito|Tatsuya Sasaki|Satoshi Kondo,IEEE Access,2025,10.1109/access.2025.3540438,"Video anomaly detection (VAD) is crucial for intelligent video surveillance systems. Many VAD methods for crowds in public spaces have been evaluated using videos captured by fixed cameras. Recently, drones have also been used for video surveillance, but the datasets of human activity captured by drones are relatively small or include actions by only a small number of people. Therefore, we created a large-scale dataset called Crowd Anomaly detection from Drone and Ground (CADG). A moving drone and two fixed ground cameras captured$448\times 3$clips, comprising 236K$\times 3$frames, of five types of crowd activities crucial to video surveillance. We also propose a unified learning framework for simultaneous anomaly detection and classification using a simple yet strong and computationally inexpensive temporal encoder. Experiments on the dataset show that the method detects crowd anomalies more accurately than conventional methods, but still highlight the difficulties of stable VAD from a moving drone and bridging the domain gap between views. The dataset is available on the project page athttps://cadg24.github.io/home.",7,scopus_export,https://doi.org/10.1109/access.2025.3540438,false
CAND-093,AADC-Net: A Multimodal Deep Learning Framework for Automatic Anomaly Detection in Real-Time Surveillance,Duc Tri Phan|Vu Hoang Minh Doan|Jaeyeop Choi|Byeong-Il Lee|Junghwan Oh,IEEE Transactions on Instrumentation and Measurement,2025,10.1109/tim.2025.3551832,,16,scopus_export,https://doi.org/10.1109/tim.2025.3551832,false
CAND-094,Zero-Shot Eggshell Crack Detection Using Grounding DINO and FFT-Based Outer-to-Inner Ring Energy Ratio,Tomorn Soontornnapar|Tuchsanai Ploysuwan,IEEE Access,2025,10.1109/access.2025.3571984,"This study presents a novel approach to eggshell crack detection by integrating zero-shot learning with advanced image analysis techniques. The proposed method utilizes a hybrid dataset composed of a custom hen egg collection—50 tray images containing 30 eggs each arranged in a 6×5 grid—and the Botta et al. duck egg dataset, comprising approximately 1,000 images of cracked and intact eggs. Using YOLOv8s and the Fast Segment Anything Model (FastSAM), we generate bounding boxes, annotate segmentation masks, and crop background-free images, resulting in a curated set of 1,500 hen egg images alongside the processed duck egg samples. To localize crack regions accurately, we employ Grounding DINO with Fine-Grained Prompting. To distinguish cracks from dirt and subtle surface irregularities, we introduce a novel frequency-domain feature: the FFT-based Outer-to-Inner (O/I) Ring Energy Ratio, which enhances the visibility of fine anomalies. Our zero-shot detection model achieves an average accuracy of 92.54% across 10-fold cross-validation on both datasets—without retraining—demonstrating strong generalization and eliminating the reliance on labeled training data. We benchmark our approach against supervised models (CNN, SVM, XGBoost, k-NN) and popular zero-shot and anomaly detection frameworks (CLIP, CLIPSeg, Florence-2, and SAA). For real-world validation, we implement our system on an egg-belt conveyor using a low-cost CCD microscope camera capturing 60 FPS video. The model processes one hen egg in tray images at 7.79 FPS in simulation and 0.44 FPS in real-time video testing, enabling inspection of approximately 1,794 eggs per hour per camera. The system’s scalability with multiple cameras enables adaptation to industrial egg-sorting speeds. The results demonstrate significant advancements in crack detection accuracy and throughput, highlighting the potential of combining frequency-based image analysis with zero-shot prompting for scalable, real-time quality control in the poultry industry. The full implementation and associated dataset are publicly available at: https://github.com/tomorn112/ZC-DINO-ER/.",1,scopus_export,https://doi.org/10.1109/access.2025.3571984,false
CAND-095,An Integrated CNN-BiLSTM-Transformer Framework for Improved Anomaly Detection Using Surveillance Videos,Sarfaraz Natha|Mohammad Siraj|Fareed Ahmed|Majid Altamimi|Muslim Jameel Syed,IEEE Access,2025,10.1109/access.2025.3574835,"Surveillance cameras have been widely used for monitoring in both private and public sectors as a security measure. Close Circuits Television (CCTV) Cameras are widely used to surveillance normal and anomalous incidents. Real-world anomaly detection in complex environment situations is a significant challenge due to its diverse nature manually reviewing this vast data is difficult, time-consuming, and prone to errors. Human operators may overlook crucial information due to failure, which reduces the accuracy of manual monitoring. This highlights the need for automated solutions to improve accuracy and efficiency We proposed a Bidirectional Motion Temporal (BiMT) model to address this issue by coupling a pre-trained model of deep neural networks. This system utilizes a Convolutional Neural Network (CNN) to extract the best spatial key features from the video stream, which are converted into time series data and coupled with Recurrent Neural Network (RNN) deep learning model Bidirectional Long Short-Term Memory (BiLSTM) extract temporal key features, and Multi-Head Self-Attention (MHSA) allows for the detection of short-term frame correlations. In addition, created a custom transformer encoder with relative positional embedding that improves the detection and recognizes long-range frame dependencies. Furthermore, categorical focal loss (CFL) is used during training to prioritize essential features and further enhance the model's precision. The more sophisticated ConvNeXtv2 model produced average AUC scores of 98.6%, 86.5%, and 83.5% for the UCF-Crime, UBI-Fight, and RAD datasets respectively.",17,scopus_export,https://doi.org/10.1109/access.2025.3574835,false
CAND-096,Seamless Surveillance Synergy-Advanced Multi-camera Person Detection and Frame Integration,P. Velvadivu|R. S. Charubala,Algorithms for intelligent systems,2025,10.1007/978-981-96-5210-5_35,,0,scopus_export,https://doi.org/10.1007/978-981-96-5210-5_35,false
CAND-097,Detecting Anomalous Behavior in Online Proctored Exam Videos Using AI,Yalmar Ponce Atencio|Milwart Calizaya Bobadilla|Jhimmy Quisocala|Edelfre Flores Velasquez|Alejandro Coloma|Yovana Flores Ccorisapra|Rubén Apaza Apaza,Lecture notes in networks and systems,2025,10.1007/978-3-031-92608-2_8,,0,scopus_export,https://doi.org/10.1007/978-3-031-92608-2_8,false
CAND-098,"High-Frequency, Real-Time Parcel-Level Agricultural Monitoring Framework: Integrating Tower-Based Cameras and Artificial Intelligence",Xingli Qin|Bingfang Wu|Miao Zhang|Fangming Wu|Mengxiao Li|Hongwei Zeng|Fuyou Tian,SSRN Electronic Journal,2025,10.2139/ssrn.5385751,,0,scopus_export,https://doi.org/10.2139/ssrn.5385751,false
CAND-099,Anomaly-Led Prompting Learning Caption Generating Model and Benchmark,Qianyue Bao|Fang Liu|Licheng Jiao|Yang Liu|Shuo Li|Lingling Li|Xu Liu|Xinyi Wang|Baoliang Chen,IEEE Transactions on Multimedia,2025,10.1109/tmm.2025.3607837,,2,scopus_export,https://doi.org/10.1109/tmm.2025.3607837,false
CAND-100,A Differentiable State Machine–Based Video Anomaly Detection System for Smart City Edge Devices,Shunyu Yao|Xin Xiang|Xiaoqi Chen,SSRN Electronic Journal,2025,10.2139/ssrn.5519860,,0,scopus_export,https://doi.org/10.2139/ssrn.5519860,false
CAND-101,Implementation of a Patient Risk Behavior Monitoring System Using Real-Time Sensor Data and AI,Jung Suk Lee|Ji Hoon Jun|D. H. Kim|Seung‐Jin Oh,IEEE Access,2025,10.1109/access.2025.3617960,"Incidents involving high-risk patient behaviors remain a critical challenge in medical institutions. While advancements in sensor technology and artificial intelligence (AI) have shown promise, existing monitoring systems often rely on single-modality sensors, facing limitations in accuracy, privacy, and coverage. This study proposes a multimodal patient risk behavior monitoring system that integrates data from CCTV, mmWave radar, wearable devices, and location sensors. The system employs specialized deep learning models, including VideoMAE for video-based anomaly detection and an LSTM-AutoEncoder for analyzing physiological signals, to identify high-risk behaviors such as self-harm, falls, and aggression in real time. By fusing data from heterogeneous sensors, the system enhances detection robustness while mitigating the privacy concerns associated with constant visual surveillance. When a risk is detected, it immediately alerts medical staff, enabling prompt intervention. The primary contributions of this work are the development of an integrated, multimodal architecture that improves upon single-sensor systems and the implementation of a privacy-conscious framework for continuous patient monitoring, thereby enhancing safety for both patients and healthcare providers.",1,scopus_export,https://doi.org/10.1109/access.2025.3617960,false
CAND-102,Where and What: Contextual Dynamics-Aware Anomaly Detection in Surveillance Videos,Deok-Hyun Ahn|Yong-Jin Jo|Dong Hee Kim|Gi Pyo Nam|Jae-Ho Han|Haksub Kim,IEEE Transactions on Image Processing,2025,10.1109/tip.2025.3623392,,2,scopus_export,https://doi.org/10.1109/tip.2025.3623392,false
CAND-103,MoniTor: Exploiting Large Language Models with Instruction for Online Video Anomaly Detection,Shengtian Yang|Yue Feng|Y. Liu|Jingrou Zhang|Jie Qin,,2025,10.52202/085713-1204,"Video Anomaly Detection (VAD) aims to locate unusual activities or behaviors within videos. Recently, offline VAD has garnered substantial research attention, which has been invigorated by the progress in large language models (LLMs) and vision-language models (VLMs), offering the potential for a more nuanced understanding of anomalies. However, online VAD has seldom received attention due to real-time constraints and computational intensity. In this paper, we introduce a novel Memory-based online scoring queue scheme for Training-free VAD (MoniTor), to address the inherent complexities in online VAD. Specifically, MoniTor applies a streaming input to VLMs, leveraging the capabilities of pre-trained large-scale models. To capture temporal dependencies more effectively, we incorporate a novel prediction mechanism inspired by Long Short-Term Memory (LSTM) networks. This ensures the model can effectively model past states and leverage previous predictions to identify anomalous behaviors. Thereby, it better understands the current frame. Moreover, we design a scoring queue and an anomaly prior to dynamically store recent scores and cover all anomalies in the monitoring scenario, providing guidance for LLMs to distinguish between normal and abnormal behaviors over time. We evaluate MoniTor on two large datasets (i.e., UCF-Crime and XD-Violence) containing various surveillance and real-world scenarios. The results demonstrate that MoniTor outperforms state-of-the-art methods and is competitive with weakly supervised methods without training. Code is available at https://github.com/YsTvT/MoniTor.",0,scopus_export,https://doi.org/10.52202/085713-1204,false
CAND-104,Multimodal Agentic System for Highway Safety Monitoring,"Almarzooqi, Abdulla Hasan Ali Abdulwahab",MBZUAI iRep,2025,10.82419/39,"With the increasing volume of road and highway traffic and associated risks, traditional road surveillance methods (largely dependent on human intervention) are often slow, inefficient, and prone to delays. This research addresses some of these issues by introducing a multimodal agentic system for road monitoring to improve traffic safety in two aspects: realtime detection of unforeseen driving events through scene description and automation of the accident reporting process. In this work, two primary agentic systems are developed. The first is designed for driving scene description, where input images are analyzed by an object detection agent utilizing YOLOv11. The detected objects and the original image are then passed to a scene description agent employing Multimodal Large Language Models (MLLMs), which generate a structured description of the exterior driving environment. This approach enables the system to quickly identify and interpret anomalies, enhancing situational awareness. The second system focuses on automatic accident report generation. This framework leverages five specialized agents: the weather condition agent, the seatbelt status agent, the airbag status agent, the video preprocessing agent, and the accident report generation agent. Upon detecting an accident (signalled by airbag deployment), the system retrieves recent dashcam accident footage, processes relevant frames, and gathers data from the other agents (weather conditions, seatbelt usage, and airbag status). The accident report generation agent (which utilizes MLLMs) then analyzes these multimodal inputs to produce a comprehensive, structured accident report without human intervention. The key benefits of this agentic framework include its adaptability to non-deterministic traffic environments, scalability for increasingly complex road systems, and ability to unify diverse data sources within a coherent and automated workflow. The evaluations confirmed the system’s effectiveness in scene description and report generation. In particular, integrating YOLOv11 with MLLMs in the scene description system significantly improved performance, with GPT4o achieving a top score of 95.6%. In the accident report generation system, the frame sampling technique yielded the best results, reaching a peak score of 89.6% with GPT4o. This research integrates MLLM with computer vision (CV) models or realtime sensory data within an agentic framework, offering an efficient artificial intelligence (AI) driven solution to improve road safety and advance the capabilities of intelligent transportation systems.",0,scopus_export,https://doi.org/10.82419/39,false
CAND-105,Knowledge-Enhanced Context-Driven Framework for Weakly-Supervised Video Anomaly Detection,Xiaojie Yin|WenChuan Wang|YuJia Jiang,SSRN Electronic Journal,2025,10.2139/ssrn.5845433,,0,scopus_export,https://doi.org/10.2139/ssrn.5845433,false
CAND-106,Deep Learning for Crowd Behavioral Analysis and Intelligent Management,Yogesh Savulla,NORMA,2025,,"Anomaly detection in crowds is a key domain of research in the field of computer vision with applications to crowd safety, event surveillance and smart transportation. The conventional surveillance is based upon the manual observation that is inaccurate and not efficient in the implementation at large scale. Increased research into deep learning, specifically convolutional and attention-based networks, have made it possible to model video signals in terms of spatiotemporal dependencies automatically and make those models more robust in status as odd behaviour among the crowd. Design A hybrid Convolution + Transformer-based video autoencoder that learns through a dataset of video sequences an understanding of normal crowd behaviour and can identify abnormality by reconstructing the input and analysing the perceptual error. The model can capture such short-term temporal dependencies by using sequences of five frames inPed1 and Ped2 UCSD Pedestrian Datasets to predict the following frame. Mean Squared Error (MSE), Mean Absolute Error (MAE), Structural Similarity Index (SSIM), Peak Signal-to-Noise Ratio (PSNR) are used to measure reconstruction quality. They are fed into LightGBM as classifier features to dictate anomaly occurrence. It had a high reconstruction fidelity (MSE: 0.000282, SSIM: 0.9821, PSNR: 36.55 dB), and robust classification accuracy (accuracy: 77.84%, precision: 0.5845, recall: 0.6474, F1-score: 0.6144). The results show how using deep feature extraction on the temporal dynamics combined with a learned decision boundary on the perceptual metrics to achieve strong annotation-saving performance-based anomaly detection. This method can find its way in real time application in detecting unattended objects, unlawful access, or strange movements. Advancement work in the future may involve the use of object tracking, adaptation of an objective within different camera environments, and multimodal sensor fusion to enhance detection capability further and flexibility.",0,scopus_export,,false
CAND-107,Enhanced Monitoring and Security Measures with Video Analysis,V. Esther Jyothi|Gopalkumar Rakesh|Vipparla Aruna|Shobana Gorintla|Yalanati Ayyappa|U Ganesh Naidu,,2025,10.1109/icmsci62561.2025.10894596,,0,scopus_export,https://doi.org/10.1109/icmsci62561.2025.10894596,false
CAND-108,Design of an integrated model with temporal graph attention and transformer-augmented RNNs for enhanced anomaly detection,Sai Babu Veesam|Aravapalli Rama Satish|Sreenivasulu Tupakula|Yuvaraju Chinnam|Krishna Prakash|Shonak Bansal|Mohammad Rashed Iqbal Faruque,Scientific Reports,2025,10.1038/s41598-025-85822-5,"It is important in the rising demands to have efficient anomaly detection in camera surveillance systems for improving public safety in a complex environment. Most of the available methods usually fail to capture the long-term temporal dependencies and spatial correlations, especially in dynamic multi-camera settings. Also, many traditional methods rely heavily on large labeled datasets, generalizing poorly when encountering unseen anomalies in the process. We introduce a new framework to address such challenges by incorporating state-of-the-art deep learning models that improve temporal and spatial context modeling. We combine RNNs with GATs to model long-term dependencies across cameras effectively distributed over space. The Transformer-Augmented RNN allows for a better way than standard RNNs through self-attention mechanisms to improve robust temporal modeling. We employ a Multimodal Variational Autoencoder-MVAE that fuses video, audio, and motion sensor information in a manner resistant to noise and missing samples. To address the challenge of having a few labeled anomalies, we apply the Prototypical Networks to perform few-shot learning and enable generalization based on a few examples. Then, a Spatiotemporal Autoencoder is adopted to realize unsupervised anomaly detection by learning normal behavior patterns and deviations from them as anomalies. The methods proposed here yield significant improvements of about 10% to 15% in precision, recall, and F1-scores over traditional models. Further, the generalization capability of the framework to unseen anomalies, up to a gain of + 20% on novel event detection, represents a major advancement for real-world surveillance systems.",33,scopus_export,https://doi.org/10.1038/s41598-025-85822-5,false
CAND-109,"An optimized multi-scale convolutional autoencoder for efficient abnormal event detection using rgb, depth and optical flow data",Abdullah Alqahtani,Multimedia Tools and Applications,2025,10.1007/s11042-025-20608-5,,3,scopus_export,https://doi.org/10.1007/s11042-025-20608-5,false
CAND-110,Toward Robust Video Anomaly Detection in 6G Networks: A Scene-Adaptive Framework,Sijia Zhang|Yong Yu|Xiaoling Tao|Lianhai Wang,IEEE Network,2025,10.1109/mnet.2025.3535760,,1,scopus_export,https://doi.org/10.1109/mnet.2025.3535760,false
CAND-111,ANOMALY DETECTION IN VIDEO SURVEILLANCE,Boateng Godfred Kyeremeh,Dépôt Institutionnel de lUniversité de Tlemcen,2025,,"Pour compléter mon Master en Modèles Intelligents et Décision, une méthode d'apprentissage profond a été développée pour la détection d'anomalies vidéo en utilisant un autoencodeur spatial combiné avec des réseaux de mémoire à long court terme convolutifs (ConvLSTM). Dans un cadre unifié, cette approche capture à la fois les caractéristiques spatiales et temporelles pour détecter les anomalies basées sur une perte de reconstruction significative. Les réseaux ConvLSTM apprennent les dépendances temporelles dans les données vidéo, tandis qu'une méthode de traitement vidéo par clips améliore l'efficacité de l'entraînement. Cette combinaison permet de détecter des schémas et des dépendances inhabituels dans les séquences vidéo, la rendant efficace pour identifier les anomalies à travers diverses sources vidéo.",0,scopus_export,,false
CAND-112,Automated Video Surveillance Anomaly Detection with a Deep Reinforcement Learning Framework,Nishant Deheriya|Devendra Bajpai|Pankaj Sharma,International Journal of Scientific Research in Computer Science Engineering and Information Technology,2025,10.32628/cseit251112196,"Anomaly detection in automated video surveillance is regarded as one of the most essential challenges to address, with the objective of identifying various real-world irregularities. This paper presents an innovative method for anomaly detection utilizing deep reinforcement learning. In recent years, deep reinforcement learning has demonstrated considerable success across diverse applications involving complex data, such as robotics and gaming, by emulating human learning through experience. Typically, state-of-the-art techniques categorize a video as either normal or abnormal without identifying the precise location of the anomaly within the input video, primarily due to the use of unlabeled clip-level data during training. Our focus is on adapting prioritized Dueling deep Q-networks to tackle the anomaly detection issue. This model is designed to assess anomalies in video clips by leveraging video-level labels to enhance detection accuracy.",0,scopus_export,https://doi.org/10.32628/cseit251112196,false
CAND-113,A Benchmark for Crime Surveillance Video Analysis with Large Models,"Hao Chen|Yi Dong|Cao, Moyan|Huang, Chensen|Guibo Zhu|Jinqiao Wang",arXiv (Cornell University),2025,10.48550/arxiv.2502.09325,"Anomaly analysis in surveillance videos is a crucial topic in computer vision. In recent years, multimodal large language models (MLLMs) have outperformed task-specific models in various domains. Although MLLMs are particularly versatile, their abilities to understand anomalous concepts and details are insufficiently studied because of the outdated benchmarks of this field not providing MLLM-style QAs and efficient algorithms to assess the model's open-ended text responses. To fill this gap, we propose a benchmark for crime surveillance video analysis with large models denoted as UCVL, including 1,829 videos and reorganized annotations from the UCF-Crime and UCF-Crime Annotation datasets. We design six types of questions and generate diverse QA pairs. Then we develop detailed instructions and use OpenAI's GPT-4o for accurate assessment. We benchmark eight prevailing MLLMs ranging from 0.5B to 40B parameters, and the results demonstrate the reliability of this bench. Moreover, we finetune LLaVA-OneVision on UCVL's training set. The improvement validates our data's high quality for video anomaly analysis.",0,scopus_export,https://doi.org/10.48550/arxiv.2502.09325,false
CAND-114,Tunnel Traffic Anomaly Detection via Multi-Modal LLMs,Hongyu Liu|Ruohan Zhou|Jiayang Bai|Yuanqi Li,SAE technical papers on CD-ROM/SAE technical paper series,2025,10.4271/2025-01-7129,,0,scopus_export,https://doi.org/10.4271/2025-01-7129,false
CAND-115,Missiongnn: Hierarchical Multimodal GNN-Based Weakly Supervised Video Anomaly Recognition with Mission-Specific Knowledge Graph Generation,Sanggeon Yun|Ryozo Masukawa|Minhyoung Na|Mohsen Imani,,2025,10.1109/wacv61041.2025.00464,,10,scopus_export,https://doi.org/10.1109/wacv61041.2025.00464,false
CAND-116,PEARL: Perceptual and Analytical Representation Learning for Video Anomaly Detection,Omeshamisu Anigala|Kwanghee Won|Chulwoo Pack,ACM SIGAPP Applied Computing Review,2025,10.1145/3727257.3727258,"Video anomaly detection is crucial for applications like surveillance and autonomous systems. Traditional methods often rely solely on visual cues, missing valuable contextual data. This paper presents Perceptual and Analytical Representation Learning (PEARL), a novel method that combines perceptual (raw sensory input) and analytical (higher-level context) modalities. Specifically, we integrate visual information with object tracking data, along with the tracking data-specialized normalization method, DOT-Norm , leveraging ID switching to capture high-level contexts of abnormal movements. We evaluate early- and late-fusion strategies to enhance anomaly detection, particularly for irregular movements marked by frequent track ID switches. Our approach, tested on the UCSD-Ped1 dataset, outperforms the state-of-the-art by improving precision (+0.082), recall (+0.104), F1 score (+0.149), and AUC (+0.053). These findings highlight the potential of integrating analytical tracking data with perceptual video frames in a multimodal learning approach for anomaly detection, paving the way for future applications and research where knowledge-driven analytical modalities are crucial.",0,scopus_export,https://doi.org/10.1145/3727257.3727258,false
CAND-117,"AssistPDA: An Online Video Surveillance Assistant for Video Anomaly Prediction, Detection, and Analysis",Zhiwei Yang|Chen Gao|Jing Liu|Peng Wu|Guansong Pang|Mike Zheng Shou,arXiv (Cornell University),2025,10.48550/arxiv.2503.21904,"The rapid advancements in large language models (LLMs) have spurred growing interest in LLM-based video anomaly detection (VAD). However, existing approaches predominantly focus on video-level anomaly question answering or offline detection, ignoring the real-time nature essential for practical VAD applications. To bridge this gap and facilitate the practical deployment of LLM-based VAD, we introduce AssistPDA, the first online video anomaly surveillance assistant that unifies video anomaly prediction, detection, and analysis (VAPDA) within a single framework. AssistPDA enables real-time inference on streaming videos while supporting interactive user engagement. Notably, we introduce a novel event-level anomaly prediction task, enabling proactive anomaly forecasting before anomalies fully unfold. To enhance the ability to model intricate spatiotemporal relationships in anomaly events, we propose a Spatio-Temporal Relation Distillation (STRD) module. STRD transfers the long-term spatiotemporal modeling capabilities of vision-language models (VLMs) from offline settings to real-time scenarios. Thus it equips AssistPDA with a robust understanding of complex temporal dependencies and long-sequence memory. Additionally, we construct VAPDA-127K, the first large-scale benchmark designed for VLM-based online VAPDA. Extensive experiments demonstrate that AssistPDA outperforms existing offline VLM-based approaches, setting a new state-of-the-art for real-time VAPDA. Our dataset and code will be open-sourced to facilitate further research in the community.",0,scopus_export,https://doi.org/10.48550/arxiv.2503.21904,false
CAND-118,Detection of Criminal Activities and Anomalies through CCTV’s,Vijay Sonawane|Rani Aaglave|Rutvik Bedre|Abhishek Birajdar|Vivek Pardeshi,International Research Journal on Advanced Engineering Hub (IRJAEH),2025,10.47392/irjaeh.2025.0132,"The project aims to develop an intelligent system that can detect unusual activities and crimes using CCTV cameras across the state. Since it is difficult to monitor multiple cameras simultaneously, we use state-of-the-art computer and machine learning to analyze live video. When a suspicious or dangerous situation occurs, the system quickly alerts authorities to the address and sends images of the incident. It also activates nearby alarms to locate concerned citizens and help them intervene. There is also a portal that helps classify video clips as normal or abnormal. The system will help speed up emergency response and encourage community participation to ensure safety. Overall, this is a great way to prevent crime and increase everyone’s safety.",0,scopus_export,https://doi.org/10.47392/irjaeh.2025.0132,false
CAND-119,Continuous GNN-Based Anomaly Detection on Edge Using Efficient Adaptive Knowledge Graph Learning,Sanggeon Yun|Ryozo Masukawa|William Youngwoo Chung|Minhyoung Na|Nathaniel D. Bastian|Mohsen Imani,,2025,10.23919/date64628.2025.10993194,,2,scopus_export,https://doi.org/10.23919/date64628.2025.10993194,false
CAND-120,Multimodal Temporal Fusion for Real-Time Video Action Recognition in Smart Surveillance Systems,Haeedir Mohameed|Nagaraju Krishna Chythanya|V. Surekha|Rupesh Sharma|Lalit Sachdeva|N. Thangarasu,,2025,10.1109/icmctc62214.2025.11196175,,0,scopus_export,https://doi.org/10.1109/icmctc62214.2025.11196175,false
CAND-121,Anomaly detection method of surveillance video based on global-local information,Yuwei Wu|Haifeng Sang|Fei Li,Knowledge-Based Systems,2025,10.1016/j.knosys.2025.113530,,11,scopus_export,https://doi.org/10.1016/j.knosys.2025.113530,false
CAND-122,Integrating digital twin and large language models for advanced tower crane monitoring,Zeyin Su,,2025,10.1109/eeice65049.2025.11033896,,1,scopus_export,https://doi.org/10.1109/eeice65049.2025.11033896,false
CAND-123,MMVAD: A vision–language model for cross-domain video anomaly detection with contrastive learning and scale-adaptive frame segmentation,Debojyoti Biswas|Jelena Tešić,Expert Systems with Applications,2025,10.1016/j.eswa.2025.127857,,12,scopus_export,https://doi.org/10.1016/j.eswa.2025.127857,false
CAND-124,A Real-Time Anomaly Detection System for Video Surveillance Using DenseNet201,S Suma|Islapuram Lokesh,International Journal of Innovative Research in Information Security,2025,10.26562/ijiris.2025.v1102.13,"Surveillance systems are pivotal for public safety; yet real-time anomaly detection remains a challenging task. Traditional systems rely on human monitoring, which is inefficient for large-scale deployments. This study addresses the critical rational for automated deviationsdetection by developing a system capable of identifying abnormal events in surveillance footage using a DenseNet model. The proposed solution captures live video input, processes it into minute-long segments, and classifies each segment as normal or anomalous. Anomalies include actions like fighting, arson, burglary, and shoplifting, and robbery, explosion, shooting, and stealing. To train the model, video datasets reformatted into frames, ensuring robust learning from diverse scenarios. If an anomaly is detected, the system sends alerts through email, phone calls, or SMS to notify relevant authorities, while normal footage is discarded to optimize storage. Initial outcomes demonstrate significant accuracy in detecting anomalies, emphasizing the DenseNet model's effectiveness. Beyond just reducing dependency on manual monitoring but also minimizes response times in critical situations. By automating the detection and alert mechanisms, the approach ensures enhanced security and efficient resource utilization. To wrap up, this study examines a scalable and efficient framework for real-time anomaly detection in surveillance footage, leveraging state-of-the-art deep learning techniques. Future enhancements will focus on multi-camera input integration and storing anomalous clips for forensic purposes, further advancing the system's applicability.",0,scopus_export,https://doi.org/10.26562/ijiris.2025.v1102.13,false
CAND-125,WSCIF: A Weakly-Supervised Color Intelligence Framework for Tactical Anomaly Detection in Surveillance Keyframes,Meng Wei,arXiv (Cornell University),2025,10.48550/arxiv.2505.09129,"The deployment of traditional deep learning models in high-risk security tasks in an unlabeled, data-non-exploitable video intelligence environment faces significant challenges. In this paper, we propose a lightweight anomaly detection framework based on color features for surveillance video clips in a high sensitivity tactical mission, aiming to quickly identify and interpret potential threat events under resource-constrained and data-sensitive conditions. The method fuses unsupervised KMeans clustering with RGB channel histogram modeling to achieve composite detection of structural anomalies and color mutation signals in key frames. The experiment takes an operation surveillance video occurring in an African country as a research sample, and successfully identifies multiple highly anomalous frames related to high-energy light sources, target presence, and reflective interference under the condition of no access to the original data. The results show that this method can be effectively used for tactical assassination warning, suspicious object screening and environmental drastic change monitoring with strong deployability and tactical interpretation value. The study emphasizes the importance of color features as low semantic battlefield signal carriers, and its battlefield intelligent perception capability will be further extended by combining graph neural networks and temporal modeling in the future.",0,scopus_export,https://doi.org/10.48550/arxiv.2505.09129,false
CAND-126,A Comprehensive Systematic Review of Deep Learning Techniques for Anomaly Detection in Urban Video Surveillance,Asmae Baala|Mostafa Hanoune|Mohssine Bentaib,,2025,10.1109/iraset64571.2025.11008153,,3,scopus_export,https://doi.org/10.1109/iraset64571.2025.11008153,false
CAND-127,TU-DAT: A Computer Vision Dataset on Road Traffic Anomalies,Pavana Pradeep Kumar|Krishna Kant,Sensors,2025,10.3390/s25113259,"This paper introduces TU-DAT, a novel, freely downloadable computer vision dataset for analyzing traffic accidents using roadside cameras. TU-DAT addresses the lack of public datasets for training and evaluating models focused on automatic detection and prediction of road anomalies. It comprises approximately 280 real-world and simulated videos, collected from traffic CCTV footage, news reports, and high-fidelity simulations generated using BeamNG.drive. This hybrid composition captures aggressive driving behaviors-such as tailgating, weaving, and speeding-under diverse environmental conditions. It includes spatiotemporal annotations and structured metadata such as vehicle trajectories, collision types, and road conditions. These features enable robust model training for anomaly detection, spatial reasoning, and vision-language model (VLM) enhancement. TU-DAT has already been utilized in experiments demonstrating improved performance of hybrid deep learning- and logic-based reasoning frameworks, validating its practical utility for real-time traffic monitoring, autonomous vehicle safety, and driver behavior analysis. The dataset serves as a valuable resource for researchers, engineers, and policymakers aiming to develop intelligent transportation systems that proactively reduce road accidents.",9,scopus_export,https://doi.org/10.3390/s25113259,false
CAND-128,Enhancing Generalization in Video Anomaly Detection through Multimodal Data Mixing,Bohdan Ivaniuk-Skulskyi|Nadiya Shvai|Amir Nakib|El‐Ghazali Talbi,,2025,10.1109/ipdpsw66978.2025.00058,,0,scopus_export,https://doi.org/10.1109/ipdpsw66978.2025.00058,false
CAND-129,SmartHome-Bench: A Comprehensive Benchmark for Video Anomaly Detection in Smart Homes Using Multi-Modal Large Language Models,Xinyi Zhao|C. C. Zhang|Pei Guo|Wei Liu|Lin Chen|Chaoyue Zhao|Shuai Huang,,2025,10.1109/cvprw67362.2025.00382,,5,scopus_export,https://doi.org/10.1109/cvprw67362.2025.00382,false
CAND-130,SmartHome-Bench: A Comprehensive Benchmark for Video Anomaly Detection in Smart Homes Using Multi-Modal Large Language Models,Xinyi Zhao|C. C. Zhang|Pei Guo|Wei Liu|Lin Chen|Chaoyue Zhao|Shuai Huang,arXiv (Cornell University),2025,10.48550/arxiv.2506.12992,"Video anomaly detection (VAD) is essential for enhancing safety and security by identifying unusual events across different environments. Existing VAD benchmarks, however, are primarily designed for general-purpose scenarios, neglecting the specific characteristics of smart home applications. To bridge this gap, we introduce SmartHome-Bench, the first comprehensive benchmark specially designed for evaluating VAD in smart home scenarios, focusing on the capabilities of multi-modal large language models (MLLMs). Our newly proposed benchmark consists of 1,203 videos recorded by smart home cameras, organized according to a novel anomaly taxonomy that includes seven categories, such as Wildlife, Senior Care, and Baby Monitoring. Each video is meticulously annotated with anomaly tags, detailed descriptions, and reasoning. We further investigate adaptation methods for MLLMs in VAD, assessing state-of-the-art closed-source and open-source models with various prompting techniques. Results reveal significant limitations in the current models' ability to detect video anomalies accurately. To address these limitations, we introduce the Taxonomy-Driven Reflective LLM Chain (TRLC), a new LLM chaining framework that achieves a notable 11.62% improvement in detection accuracy. The benchmark dataset and code are publicly available at https://github.com/Xinyi-0724/SmartHome-Bench-LLM.",0,scopus_export,https://doi.org/10.48550/arxiv.2506.12992,false
CAND-131,MT-CMVAD: A Multi-Modal Transformer Framework for Cross-Modal Video Anomaly Detection,Hantao Ding|S. Lou|Hairong Ye|Yanbing Chen,Applied Sciences,2025,10.3390/app15126773,"Video anomaly detection (VAD) faces significant challenges in multimodal semantic alignment and long-term temporal modeling within open surveillance scenarios. Existing methods are often plagued by modality discrepancies and fragmented temporal reasoning. To address these issues, we introduce MT-CMVAD, a hierarchically structured Transformer architecture that makes two key technical contributions: (1) A Context-Aware Dynamic Fusion Module that leverages cross-modal attention with learnable gating coefficients to effectively bridge the gap between RGB and optical flow modalities through adaptive feature recalibration, significantly enhancing fusion performance; (2) A Multi-Scale Spatiotemporal Transformer that establishes global-temporal dependencies via dilated attention mechanisms while preserving local spatial semantics through pyramidal feature aggregation. To address the sparse anomaly supervision dilemma, we propose a hybrid learning objective that integrates dual-stream reconstruction loss with prototype-based contrastive discrimination, enabling the joint optimization of pattern restoration and discriminative representation learning. Our extensive experiments on the UCF-Crime, UBI-Fights, and UBnormal datasets demonstrate state-of-the-art performance, achieving AUC scores of 98.9%, 94.7%, and 82.9%, respectively. The explicit spatiotemporal encoding scheme further improves temporal alignment accuracy by 2.4%, contributing to enhanced anomaly localization and overall detection accuracy. Additionally, the proposed framework achieves a 14.3% reduction in FLOPs and demonstrates 18.7% faster convergence during training, highlighting its practical value for real-world deployment. Our optimized window-shift attention mechanism also reduces computational complexity, making MT-CMVAD a robust and efficient solution for safety-critical video understanding tasks.",11,scopus_export,https://doi.org/10.3390/app15126773,false
CAND-132,Weakly-supervised Video Anomaly Detection with Domain Adaptation,Lizhi Pan|Chengtian Song,,2025,10.1109/icecai66283.2025.11171315,,0,scopus_export,https://doi.org/10.1109/icecai66283.2025.11171315,false
CAND-133,Enhancing Performance of Multimodal-Based Anomaly Detection using Early Fusion,YunJin Jang|Namgi Kim|Kyunjyong Chung,,2025,10.1109/icufn65838.2025.11169887,,1,scopus_export,https://doi.org/10.1109/icufn65838.2025.11169887,false
CAND-134,"A Survey on Video Big Data Analytics: Architecture, Technologies, and Open Research Challenges",Thi-Thu-Trang Do|Huỳnh Quyết Thắng|Kyungbaek Kim|Van-Quyet Nguyen,Applied Sciences,2025,10.3390/app15148089,"The exponential growth of video data across domains such as surveillance, transportation, and healthcare has raised critical challenges in scalability, real-time processing, and privacy preservation. While existing studies have addressed individual aspects of Video Big Data Analytics (VBDA), an integrated, up-to-date perspective remains limited. This paper presents a comprehensive survey of system architectures and enabling technologies in VBDA. It categorizes system architectures into four primary types as follows: centralized, cloud-based infrastructures, edge computing, and hybrid cloud–edge. It also analyzes key enabling technologies, including real-time streaming, scalable distributed processing, intelligent AI models, and advanced storage for managing large-scale multimodal video data. In addition, the study provides a functional taxonomy of core video processing tasks, including object detection, anomaly recognition, and semantic retrieval, and maps these tasks to real-world applications. Based on the survey findings, the paper proposes ViMindXAI, a hybrid AI-driven platform that combines edge and cloud orchestration, adaptive storage, and privacy-aware learning to support scalable and trustworthy video analytics. Our analysis in this survey highlights emerging trends such as the shift toward hybrid cloud–edge architectures, the growing importance of explainable AI and federated learning, and the urgent need for secure and efficient video data management. These findings highlight key directions for designing next-generation VBDA platforms that enhance real-time, data-driven decision-making in domains such as public safety, transportation, and healthcare. These platforms facilitate timely insights, rapid response, and regulatory alignment through scalable and explainable analytics. This work provides a robust conceptual foundation for future research on adaptive and efficient decision-support systems in video-intensive environments.",17,scopus_export,https://doi.org/10.3390/app15148089,false
CAND-135,Breakthrough in fine-grained video anomaly detection on highway: New benchmark and model,Chenlin Meng|Xin Wang|Chi Zhang|Zhaoyong Mao|Junge Shen|Zhiyong Cheng,Expert Systems with Applications,2025,10.1016/j.eswa.2025.129127,,2,scopus_export,https://doi.org/10.1016/j.eswa.2025.129127,false
CAND-136,Towards Event-Driven Evaluation of Surveillance Video Understanding Using Natural Language,João Pereira|Vasco Lopes|João C. Neves|David Semedo,Lecture notes in computer science,2025,10.1007/978-3-031-99568-2_4,,0,scopus_export,https://doi.org/10.1007/978-3-031-99568-2_4,false
CAND-137,Learning Scene Context for Anomaly Detection: A Benchmarking Study of Forward Frame Prediction CNN and Vision Language Model-Based Approach,Preet Kanwal|S. S. Shylaja|Niroop Karera|Nischal Kashyap|Poorvi Tambakad|Rishab Gongulur|Prasad B Honnavalli,Signals and communication technology,2025,10.1007/978-3-031-98036-7_4,,0,scopus_export,https://doi.org/10.1007/978-3-031-98036-7_4,false
CAND-138,LTGS-Net: Local Temporal and Global Spatial Network for Weakly Supervised Video Anomaly Detection,Minghao Li|Xiaohan Wang|Haofei Wang|Min Yang,Sensors,2025,10.3390/s25164884,"Video anomaly detection has an important application value in the field of intelligent surveillance; however, due to the problems of sparse anomaly events and expensive labeling, it has made weakly supervised methods a research hotspot. Most of the current methods still adopt the strategy of processing temporal and spatial features independently, which makes it difficult to fully capture their temporal and spatial complex dependencies, affecting the accuracy and robustness of detection. Existing studies predominantly process temporal and spatial information independently, which limits the ability to effectively capture their interdependencies. To address this, we propose the Local Temporal and Global Spatial Network (LTGS) for weakly supervised video anomaly detection. The LTGS architecture incorporates a clip-level temporal feature relation module and a video-level spatial feature module, which collaboratively enhance discriminative representations. Through joint training of these modules, we develop a feature encoder specifically tailored for video anomaly detection. To further refine clip-level annotations and better align them with actual events, we employ a dynamic label updating strategy. These updated labels are utilized to optimize the model and enhance its robustness. Extensive experiments on two widely used public datasets, ShanghaiTech and UCF-Crime, validate the effectiveness of the proposed LTGS method. Experimental results demonstrate that the LTGS achieves an AUC of 96.69% on the ShanghaiTech dataset and 82.33% on the UCF dataset, outperforming various state-of-the-art algorithms in anomaly detection tasks.",2,scopus_export,https://doi.org/10.3390/s25164884,false
CAND-139,Towards Secure Video Surveillance: A Few-Shot Spatiotemporal Perception Transformer for Unseen Behavioral Anomalies,Jamuna S. Murthy|Dhanashekar Kandaswamy|Wen‐Cheng Lai,,2025,10.1109/avss65446.2025.11149904,,1,scopus_export,https://doi.org/10.1109/avss65446.2025.11149904,false
CAND-140,Anomaly Detection in Video Surveillance Using YOLOv8,M. Praveen|Sandeep Sandeep,International Journal for Research in Applied Science and Engineering Technology,2025,10.22214/ijraset.2025.73680,"This paper presents a novel hybrid approach for real-time anomaly detection in video surveillance systems by integrating YOLOv8 object detection with advanced motion-based analysis techniques. The proposed system addresses critical limitations of existing single-modality detection methods through innovative fusion of deep learning and temporal analysis. The architecture incorporates parallel processing pipelines for YOLOv8 detection and optical flow computation, combined with an isolation forest-based anomaly decision framework that leverages historical detection patterns. Experimental evalution on a custom dataset of 5,000 surveillance video clips demonstrates superior performance with 92.3% accuracy, 89.7% precision, 94.1% recall, and 91.8% F1-score, while maintaining real-time processing at 30 FPS. The system significantly outperforms traditional approaches with 15.2% accuracy improvement over YOLO-only methods and 18.7% improvement over motion-only techniques. The proposed hybrid framework provides robust anomaly detection capabilities suitable for practical deployment in security-critical surveillance applications with reduced false positive rates and enhanced temporat consistence.",0,scopus_export,https://doi.org/10.22214/ijraset.2025.73680,false
CAND-141,An Online Modular Framework for Anomaly Detection and Multiclass Classification in Video Surveillance,Jonathan Flores-Monroy|Gibran Benítez-García|Mariko Nakano-Miyatake|Hiroki Takahashi,Applied Sciences,2025,10.3390/app15179249,"Video surveillance systems are a key tool for the identification of anomalous events, but they still rely heavily on human analysis, which limits their efficiency. Current video anomaly detection models aim to automatically detect such events. However, most of them provide only a binary classification (normal or anomalous) and do not identify the specific type of anomaly. Although recent proposals address anomaly classification, they typically require full video analysis, making them unsuitable for online applications. In this work, we propose a modular framework for the joint detection and classification of anomalies, designed to operate on individual clips within continuous video streams. The architecture integrates interchangeable modules (feature extractor, detector, and classifier) and is adaptable to both offline and online scenarios. Specifically, we introduce a multi-category classifier that processes only anomalous clips, enabling efficient clip-level classification. Experiments conducted on the UCF-Crime dataset validate the effectiveness of the framework, achieving 74.77% clip-level accuracy and 58.96% video-level accuracy, surpassing prior approaches and confirming its applicability in real-world surveillance environments.",1,scopus_export,https://doi.org/10.3390/app15179249,false
CAND-142,READ3D-Net: Residual Autoencoder and GAN-Based 3-D Convolutional Network for Anomaly Detection,Yuwu Lu|Yinsheng Liu|Jiajun Wen|Yang Zhang|Yingyi Liang|Zhihui Lai|Linlin Shen,IEEE Transactions on Industrial Informatics,2025,10.1109/tii.2025.3598471,,0,scopus_export,https://doi.org/10.1109/tii.2025.3598471,false
CAND-143,Integrated Image and Video Analytics: Decentralized Deep Learning for Real-Time Anomaly Detection and Data Collection,J. Sofia Bobby|Shobana D|V.Lavanya|Faten Amin Mousa Al-Naimi|M. Harshini|M. Dinesh,,2025,10.1109/icerect65215.2025.11376026,,1,scopus_export,https://doi.org/10.1109/icerect65215.2025.11376026,false
CAND-144,Computer Vision for Surveillance and Monitoring,Sarvagya Jha,,2025,10.1109/icerect65215.2025.11376098,,0,scopus_export,https://doi.org/10.1109/icerect65215.2025.11376098,false
CAND-145,Video anomaly detection in 10 years: a survey and outlook,Moshira Abdalla|Sajid Javed|Muaz Al Radi|Anwaar Ulhaq|Naoufel Werghi,Neural Computing and Applications,2025,10.1007/s00521-025-11659-8,,39,scopus_export,https://doi.org/10.1007/s00521-025-11659-8,false
CAND-146,OSAD: Open-Set Supervised Anomaly Detection in Surveillance Videos Based on Margin Metric Learning,Nanjun Li|Dexin Wang|Xiushan Nie,IEEE Transactions on Circuits and Systems for Video Technology,2025,10.1109/tcsvt.2025.3614193,,0,scopus_export,https://doi.org/10.1109/tcsvt.2025.3614193,false
CAND-147,"Multi-Dimensional Deep Learning for Unusual Detection in Security Footage: A 3D CNN, LSTM, and Attention-Based Approach",Nadia Ali,Alkadhim journal for computer science.,2025,10.61710/kjcs.v3i3.114,"Automated detection of unusual activities in surveillance videos remains a critical challenge due to the vast volume of footage and the rarity of anomalous events. This study proposes a novel deep learning framework that integrates 3D convolutional neural networks for spatiotemporal feature extraction, Long Short-Term Memory networks for modeling temporal dependencies, and an attention mechanism to focus on salient segments. The primary objective is to achieve highly accurate binary classification of video clips into “usual” and “unusual” categories, while addressing class imbalance and environmental variability. The model is trained and evaluated on three large-scale datasets, UCF‑Crime, XD-Violence, and CCTVFights, which comprise surveillance videos covering real-world anomalies. Experimental results show that the proposed method achieves an overall accuracy of 97.41% on the UCF-Crime dataset, 98.11% on the XD-Violence dataset, and 98.50% on the CCTVFights dataset, in addition to high precision, recall, and F1 scores on the three datasets used in the evaluation process, outperforming existing benchmarks. These findings indicate that combining spatiotemporal modeling and attention-driven context aggregation can significantly enhance anomaly detection performance in complex surveillance scenarios.",0,scopus_export,https://doi.org/10.61710/kjcs.v3i3.114,false
CAND-148,A Review on Crime Detection in Video Sequences (CDVE) Using Machine Learning and Quantum Technologies,N Deepak|Senduru Srinivasulu,,2025,10.1109/i-pact65952.2025.11308005,,0,scopus_export,https://doi.org/10.1109/i-pact65952.2025.11308005,false
CAND-149,StreamVAD: A streaming framework with progressive context integration for multi-temporal scale video anomaly detection,Lijun Han|Gang Liang|Pengcheng Wang|Dingming Liu|Kui Zhao,Neurocomputing,2025,10.1016/j.neucom.2025.131669,,0,scopus_export,https://doi.org/10.1016/j.neucom.2025.131669,false
CAND-150,Multimodal Anomaly Detection for Urban Safety: A Real-World Implementation in Large-Scale Surveillance Systems,Matthew R. Collins|Jiawei Zhang|Samuel D. Fraser|Emily K. Robinson,Research Square,2025,10.21203/rs.3.rs-7862447/v1,,0,scopus_export,https://doi.org/10.21203/rs.3.rs-7862447/v1,false
CAND-151,Zero-Shot Vision-Language Model for Event Detection in Smart Surveillance,Younes Kebour|Smaïl Niar|Nacim Ihaddadene|Abdelghani Bekrar|Hammouda Elbez,,2025,10.1109/cbmi66578.2025.11339305,,0,scopus_export,https://doi.org/10.1109/cbmi66578.2025.11339305,false
CAND-152,HoloTrace: LLM-based Bidirectional Causal Knowledge Graph for Edge-Cloud Video Anomaly Detection,Hanling Wang|Qing Li|Li Chen|Haidong Kang|Fei Ma|Yong Jiang,,2025,10.1145/3746027.3755185,"Video anomaly detection (VAD) is vital for public safety, yet current approaches struggle with limited generalization, low interpretability, and high resource demands. To address these challenges, we propose HoloTrace, an edge-cloud collaborative VAD system that integrates large language models (LLMs) to construct and update a novel bidirectional causal knowledge graph. At the edge, HoloTrace leverages LLM-based cross-modal understanding and employs Hidden Markov Model (HMM) for bidirectional event reasoning, obtaining anomaly boundaries with low computational overhead. On the cloud side, LLMs are leveraged to dynamically update the Bi-CKG graph with key frames sent from the edge, in order to update causal relationships between events. Additionally, we introduce SVAD, a new large-scale VAD dataset comprising 632 real-world surveillance videos across 10 anomaly types and diverse scenes, with manually labeled frame-level annotations. Experimental results demonstrate that HoloTrace not only achieves the highest accuracy but also enhances interpretability and efficiency, paving the way for more generalizable and explainable video anomaly detection systems.",2,scopus_export,https://doi.org/10.1145/3746027.3755185,false
CAND-153,A Longitudinal Case Study on Detecting Emotional Dysregulation in a Child with Autism Spectrum Disorder Using Wearable Sensors,Hamad Al Jassmi|Shamsa Almarzooqi|Soha Galalaldin Ahmed|Abdulrahman Hamed Al Blooshi|Luqman Ali|Fady Alnajjar,,2025,10.1109/inista68122.2025.11249541,,0,scopus_export,https://doi.org/10.1109/inista68122.2025.11249541,false
CAND-154,Knowledge-Guided Textual Reasoning for Explainable Video Anomaly Detection via LLMs,Hari Lee,arXiv (Cornell University),2025,10.48550/arxiv.2511.07429,"We introduce Text-based Explainable Video Anomaly Detection (TbVAD), a language-driven framework for weakly supervised video anomaly detection that performs anomaly detection and explanation entirely within the textual domain. Unlike conventional WSVAD models that rely on explicit visual features, TbVAD represents video semantics through language, enabling interpretable and knowledge-grounded reasoning. The framework operates in three stages: (1) transforming video content into fine-grained captions using a vision-language model, (2) constructing structured knowledge by organizing the captions into four semantic slots (action, object, context, environment), and (3) generating slot-wise explanations that reveal which semantic factors contribute most to the anomaly decision. We evaluate TbVAD on two public benchmarks, UCF-Crime and XD-Violence, demonstrating that textual knowledge reasoning provides interpretable and reliable anomaly detection for real-world surveillance scenarios.",0,scopus_export,https://doi.org/10.48550/arxiv.2511.07429,false
CAND-155,"High-Frequency, real-time parcel-level agricultural monitoring Framework: Integrating Tower-Based cameras and artificial intelligence",Xingli Qin|Bingfang Wu|Miao Zhang|Fangming Wu|Mengxiao Li|Hongwei Zeng|Fuyou Tian,Computers and Electronics in Agriculture,2025,10.1016/j.compag.2025.111153,,7,scopus_export,https://doi.org/10.1016/j.compag.2025.111153,false
CAND-156,MSTM: Masked Spatio-Temporal Modeling for Video Anomaly Detection,Zitang Zhou|Wei Liu|Fan Duo|Yuanyuan Qiao,,2025,10.1109/ic-nidc67200.2025.11390474,,0,scopus_export,https://doi.org/10.1109/ic-nidc67200.2025.11390474,false
CAND-157,Development of game theoretic hypergraph based autoencoder scheme for multiple objects tracking and anomaly detection for surveillance videos,Palanivel Srinivasan|Karthik Mohan|Manivannan Doraipandian|Kannan Krithivasan|Rengarajan Amirtharajan,Scientific Reports,2025,10.1038/s41598-025-24114-4,"Anomaly detection in surveillance footage is crucial for ensuring protection and safety standards, as it enables the timely identification of unusual or suspicious activities. Recent literature has shown the emergence of graph and hypergraph (HG)-based matching algorithms for object tracking in video frames, facilitating anomaly detection. While these techniques incorporate sampling methods to enhance pace, the task of balancing accuracy and efficiency remains unresolved, particularly when detecting anomalies during simultaneous object tracking. This paper addresses this gap by proposing a unified framework that integrates Game-Theoretic Hypergraph Matching (GTHG) with a Convolutional Autoencoder (CAE). Unlike existing methods that treat tracking and detection separately, the proposed approach combines structural consistency and appearance reconstruction to improve both detection accuracy and computational performance. The proposed method has been tested with a chain of benchmarked films and video clips, and a detailed account of matching between successive frames has been provided. Evaluation metrics, including the Regularity Score, Receiver Operating Characteristics (ROC), and Area Under the Curve (AUC), assess the accuracy of anomaly detection across multiple datasets. Our method achieves an area under the curve (AUC) of 88.7%, 91.2%, and 86.6% on the UCSD Ped1, UCSD Ped2, and CUHK Avenue Datasets, respectively, surpassing the performance of many existing models.",0,scopus_export,https://doi.org/10.1038/s41598-025-24114-4,false
CAND-158,Sparse Reasoning is Enough: Biological-Inspired Framework for Video Anomaly Detection with Large Pre-trained Models,He Huang|Zixuan Hu|Dongxiao Li|Xiao Yao|Ling‐Yu Duan,arXiv (Cornell University),2025,10.48550/arxiv.2511.17094,"Video anomaly detection (VAD) plays a vital role in real-world applications such as security surveillance, autonomous driving, and industrial monitoring. Recent advances in large pre-trained models have opened new opportunities for training-free VAD by leveraging rich prior knowledge and general reasoning capabilities. However, existing studies typically rely on dense frame-level inference, incurring high computational costs and latency. This raises a fundamental question: Is dense reasoning truly necessary when using powerful pre-trained models in VAD systems? To answer this, we propose ReCoVAD, a novel framework inspired by the dual reflex and conscious pathways of the human nervous system, enabling selective frame processing to reduce redundant computation. ReCoVAD consists of two core pathways: (i) a Reflex pathway that uses a lightweight CLIP-based module to fuse visual features with prototype prompts and produce decision vectors, which query a dynamic memory of past frames and anomaly scores for fast response; and (ii) a Conscious pathway that employs a medium-scale vision-language model to generate textual event descriptions and refined anomaly scores for novel frames. It continuously updates the memory and prototype prompts, while an integrated large language model periodically reviews accumulated descriptions to identify unseen anomalies, correct errors, and refine prototypes. Extensive experiments show that ReCoVAD achieves state-of-the-art training-free performance while processing only 28.55\% and 16.04\% of the frames used by previous methods on the UCF-Crime and XD-Violence datasets, demonstrating that sparse reasoning is sufficient for effective large-model-based VAD.",0,scopus_export,https://doi.org/10.48550/arxiv.2511.17094,false
CAND-159,CLIP-Based Adaptive Semantic Alignment for Efficient Weakly Supervised Video Anomaly Detection,Yaqi Kang|Liujie Hua|Jinzhou Fu|Lin Yu|Xiyu Tan,,2025,10.1109/iccbdai66607.2025.11388561,,1,scopus_export,https://doi.org/10.1109/iccbdai66607.2025.11388561,false
CAND-160,SAFER-VLM: A Vision-Language and LLM Based Framework for Intelligent Warehouse Surveillance,Abhishek Mitra|Gaurang Chalurvedi|Soumen Biswas|Ananth Ganesh,,2025,10.1109/aisp68263.2025.11396276,,0,scopus_export,https://doi.org/10.1109/aisp68263.2025.11396276,false
CAND-161,Enhancing Trustworthiness in VAD with Rule-Based VLM-LLM Explanations,Mohamed Ibn Khedher|Faouzi Adjed|Joseph Kattan,Proceedings of the AAAI Symposium Series,2025,10.1609/aaaiss.v7i1.36886,"Video Anomaly Detection is a critical task for identifying unusual events in video streams, with applications ranging from public safety surveillance to industrial monitoring. Traditional VAD methods, often based on reconstruction or prediction errors, excel at detecting deviations but typically lack semantic understanding, failing to explain why an event is anomalous. The recent advent of Vision-Language Models and Large Language Models has introduced a new paradigm, enabling systems to interpret and reason about video content in natural language. However, existing VLM/LLM-based approaches often focus either on rich, open-ended description or on structured, rule-based reasoning, but rarely both. In this paper, we address this gap by proposing a novel hybrid framework that synergizes the strengths of descriptive and deductive models. Our approach first leverages a powerful VLM to generate detailed, contextual scene descriptions. These descriptions are then fed into a rule-driven LLM, which uses a pre-induced set of contextual rules to make a final anomaly judgment and provide a human-readable explanation grounded in the specific rule that was violated. We validate our approach on the large-scale UCF-Crime dataset and conduct an analysis of key hyperparameters, including the VLM's input prompt and the number of frames used for description. Our results demonstrate the effectiveness of the proposed architecture and offer insights into building more interpretable, reliable, and context-aware VAD systems.",0,scopus_export,https://doi.org/10.1609/aaaiss.v7i1.36886,false
CAND-162,Multimodal Video Analysis for Crowd Anomaly Detection Using Open Access Tourism Cameras,"Dionis-Ros, Alejandro|Serrano-López, Antonio José|Vila  Frances, Joan",Zenodo (CERN European Organization for Nuclear Research),2025,10.5281/zenodo.17714267,"Dataset Description This repository contains a dataset of object detection and instance segmentation events recorded over a 34-day period, from September 19, 2023 to October 23, 2023. The dataset comprises 50,384 individual records, capturing temporal, spatial, and classification data for objects identified in a open access video broadcast from the town of Morella, Spain. Dataset Structure The repository contains a single file, detections.csv. detections.csv serves as the primary dataset file. It encapsulates granular detection events, where each record includes the temporal timestamp, categorical class ID, model confidence metric, and spatial geometry. Comprehensive details regarding these columns are provided in the section below. Dataset Codebook The detections.csv file contains 8 columns. Column Name Data Type Description time String Timestamp of the detection in YYYY-MM-DD HH:MM:SSformat. class_id Integer Integer representing the object category based on the COCO dataset. Detected classes include: Class 0 (person), Class 1 (bicycle), Class 2 (car), Class 3 (motorcycle), Class 5 (bus), and Class 7 (truck). confidence Float Model certainty score (0.0 - 1.0). xmin Float X-coordinate of the bounding box's top-left corner (pixels). ymin Float Y-coordinate of the bounding box's top-left corner (pixels). xmax Float X-coordinate of the bounding box's bottom-right corner (pixels). ymax Float Y-coordinate of the bounding box's bottom-right corner (pixels). segment_mask String Contains a stringified list of [x, y] pixel coordinates that form a closed polygon around the detected object.",0,scopus_export,https://doi.org/10.5281/zenodo.17714267,false
CAND-163,Multimodal Video Analysis for Crowd Anomaly Detection Using Open Access Tourism Cameras,"Dionis-Ros, Alejandro|Serrano-López, Antonio José|Vila  Frances, Joan",Zenodo (CERN European Organization for Nuclear Research),2025,10.5281/zenodo.17714268,"Dataset Description This repository contains a dataset of object detection and instance segmentation events recorded over a 34-day period, from September 19, 2023 to October 23, 2023. The dataset comprises 50,384 individual records, capturing temporal, spatial, and classification data for objects identified in a open access video broadcast from the town of Morella, Spain. Dataset Structure The repository contains a single file, detections.csv. detections.csv serves as the primary dataset file. It encapsulates granular detection events, where each record includes the temporal timestamp, categorical class ID, model confidence metric, and spatial geometry. Comprehensive details regarding these columns are provided in the section below. Dataset Codebook The detections.csv file contains 8 columns. Column Name Data Type Description time String Timestamp of the detection in YYYY-MM-DD HH:MM:SSformat. class_id Integer Integer representing the object category based on the COCO dataset. Detected classes include: Class 0 (person), Class 1 (bicycle), Class 2 (car), Class 3 (motorcycle), Class 5 (bus), and Class 7 (truck). confidence Float Model certainty score (0.0 - 1.0). xmin Float X-coordinate of the bounding box's top-left corner (pixels). ymin Float Y-coordinate of the bounding box's top-left corner (pixels). xmax Float X-coordinate of the bounding box's bottom-right corner (pixels). ymax Float Y-coordinate of the bounding box's bottom-right corner (pixels). segment_mask String Contains a stringified list of [x, y] pixel coordinates that form a closed polygon around the detected object.",0,scopus_export,https://doi.org/10.5281/zenodo.17714268,false
CAND-164,Person Re-Identification Across Multi-Camera Systems Using Vision Language Models,Beibut Amirgaliyev|Miras Mussabek|Aliya Bekmukhanbet,,2025,10.1109/fllm67465.2025.11391222,,0,scopus_export,https://doi.org/10.1109/fllm67465.2025.11391222,false
CAND-165,Multimodal Smart Video Surveillance System for Real-Time Detection of Anomalous Activities,Mohideen Badhusha|Yashaswi Singh|Ansil Kumar|Arun|Darshan B,,2025,10.1109/etcom66606.2025.11436593,,0,scopus_export,https://doi.org/10.1109/etcom66606.2025.11436593,false
CAND-166,Temporal-aware prompt learning for weakly-supervised video anomaly detection,Lin Yuan|Xun Duan|Guangqian Kong|Huiyun Long,Signal Image and Video Processing,2025,10.1007/s11760-025-05031-5,,0,scopus_export,https://doi.org/10.1007/s11760-025-05031-5,false
CAND-167,Video Surveillance Metadata Extraction with Multimodal LLM Agents through Iterative Dialogue Exploration,Pedro Acúrcio Domingos,"Portuguese National Funding Agency for Science, Research and Technology (RCAAP Project by FCT)",2025,,"Current surveillance methods are unsustainable, demanding constant human oversight and vast storage for millions of hours of footage. This reliance on manual monitoring is not only labour-intensive but also error-prone, owing both to the challenging characteristics of surveillance footage (low resolution, poor lighting, and unconventional camera angles) and to the sheernumberof cameras thatmust be supervised. While LargeVision-Language Model (LVLM)s have shown promise in understanding generic videos, they often fail in this domain and tend to omit critical details, limiting their use for evidence extraction. This thesis addresses surveillance metadata extraction by employing multi-agent approaches sharing a foundational principle: obtaining additional scene context through iterative question-answering dialogue exploration. We begin with static questioning schemes; progress to dynamic, class-aware question generation; investigate reasoningbased approaches; and finally develop a surveillance-fitted, reasoning-guided method. The developed approaches use a set of models to overcome major single-model and surveillance limitations, ultimately being capable of producing richer representations of the video. To evaluate the developed methods, we conduct quantitative experiments on surveillance anomaly detection and classification tasks using the UCF-Crime Annotation (UCA) [59] dataset, and present qualitative examples demonstrating their fragilities and extraction capabilities. One method improves anomaly detection by 21 percentage points (p.p.) over the baseline. We also curate a higher-quality subset of surveillance data to study resolution effects on the prominent developed approaches. On this subset, we are able to surpass the baseline in anomaly detection by 10 p.p. and in anomaly classification by 4 p.p., without retraining. Resolution impacts anomaly classification by up to 12 p.p. This research contributes to the surveillance field by introducing alternative methods to perform zero-shot anomaly detection and classification, while pioneering the surveillance metadata extraction domain, and presenting insights into context extraction by employing multi-agent solutions.",0,scopus_export,,false
CAND-168,Surveillance Video Anomaly Detection via Automatic Caption Generation Using Multimodal Large Language Models,Satoshi Hashimoto|Hitoshi Nishimura|Mori KUROKAWA,Journal of the Japan Society for Precision Engineering,2025,10.2493/jjspe.91.1136,"Recently, state-of-the-art performance in video anomaly detection has been achieved by fine-tuning multimodal large language models (MLLM). However, the necessity of extensive caption annotations in training data imposes significant practical constraints. To overcome this limitation, we propose a novel MLLM-based video anomaly detection method that does not require manual caption annotation. The proposed method consists of an anomaly detection model for identifying and selecting key video samples, and an MLLM that autonomously generates and enhances captions to explain anomalous events. Extensive experiments demonstrate that our method achieves high detection accuracy and generates task-specific explanatory descriptions effectively.",0,scopus_export,https://doi.org/10.2493/jjspe.91.1136,false
CAND-169,Enhancing Explainable Video Anomaly Detection using Cross-Modal Attention Fusion Mechanism,Hrishikesh Muniraju|Sridhar Raj S,,2025,10.1109/iconscept66142.2025.11436826,,0,scopus_export,https://doi.org/10.1109/iconscept66142.2025.11436826,false
CAND-170,Noise-robust anomaly detection framework using temporal features for industrial applications,Hyeonah Jang|Tae-Han Lee|Bum Jun Kim|Bum Jun Kim|Hyeyeon Choi|Sang Woo Kim,Computers & Electrical Engineering,2025,10.1016/j.compeleceng.2025.110885,,0,scopus_export,https://doi.org/10.1016/j.compeleceng.2025.110885,false
CAND-171,Multimodal Agentic System for Highway Safety Monitoring,Abdulla Almarzooqi|Abid Abderrazek|Fakhri Karray,,2025,10.1109/comcomap68359.2025.11353134,,0,scopus_export,https://doi.org/10.1109/comcomap68359.2025.11353134,false
CAND-172,A context-aware multi-modal generative adversarial network for real-time anomaly detection in video surveillance,Pravinth Raja|B. Dhanalakshmi|T Rajan|Vinayakumar Ravi|Norah Saleh Alghamdi,Peer-to-Peer Networking and Applications,2025,10.1007/s12083-025-02134-1,,3,scopus_export,https://doi.org/10.1007/s12083-025-02134-1,false
CAND-173,"A Survey on Weakly Supervised Anomaly Detection: Techniques, Challenges, and Future Directions",Marwan Tayseer Al Zawahra|Mowafaq Salem Alzboon|Muhyeeddin Alqaraleh|Mohammad Subhi Al-Batah,,2025,10.1109/acit68900.2025.11510684,,0,scopus_export,https://doi.org/10.1109/acit68900.2025.11510684,false
CAND-174,Chain-of-Anomaly Thoughts with Large Vision-Language Models,Pedro Domingos|João Pereira|Vasco Lopes|João C. Neves|David Semedo,arXiv (Cornell University),2025,10.48550/arxiv.2512.20417,"Automated video surveillance with Large Vision-Language Models is limited by their inherent bias towards normality, often failing to detect crimes. While Chain-of-Thought reasoning strategies show significant potential for improving performance in language tasks, the lack of inductive anomaly biases in their reasoning further steers the models towards normal interpretations. To address this, we propose Chain-of-Anomaly-Thoughts (CoAT), a multi-agent reasoning framework that introduces inductive criminal bias in the reasoning process through a final, anomaly-focused classification layer. Our method significantly improves Anomaly Detection, boosting F1-score by 11.8 p.p. on challenging low-resolution footage and Anomaly Classification by 3.78 p.p. in high-resolution videos.",0,scopus_export,https://doi.org/10.48550/arxiv.2512.20417,false
CAND-175,Chain-of-Anomaly Thoughts with Large Vision-Language Models,Pedro Domingos|João Pereira|Vasco Lopes|João C. Neves|David Semedo,arXiv (Cornell University),2025,,"Automated video surveillance with Large Vision-Language Models is limited by their inherent bias towards normality, often failing to detect crimes. While Chain-of-Thought reasoning strategies show significant potential for improving performance in language tasks, the lack of inductive anomaly biases in their reasoning further steers the models towards normal interpretations. To address this, we propose Chain-of-Anomaly-Thoughts (CoAT), a multi-agent reasoning framework that introduces inductive criminal bias in the reasoning process through a final, anomaly-focused classification layer. Our method significantly improves Anomaly Detection, boosting F1-score by 11.8 p.p. on challenging low-resolution footage and Anomaly Classification by 3.78 p.p. in high-resolution videos.",0,scopus_export,,false
CAND-176,An Enhanced LSTM with Hippocampal-Inspired Episodic Memory for Urban Crowd Behavior Analysis,Mingshou An|Hye-Youn Lim|Dae-Seong Kang,Electronics,2025,10.3390/electronics15010101,"The increasing frequency and severity of urban crowd disasters underscore a critical need for intelligent surveillance systems capable of real-time crowd anomaly detection and early warning. While deep learning models such as LSTMs, ConvLSTMs, and Transformers have been applied to video-based crowd anomaly detection, they often face limitations in long-term contextual reasoning, computational efficiency, and interpretability. To address these challenges, this paper proposes HiMeLSTM, a crowd anomaly detection framework built around a hippocampal-inspired memory-enhanced LSTM backbone that integrates Long Short-Term Memory (LSTM) networks with an Episodic Memory Unit (EMU). This hybrid design enables the model to effectively capture both short-term temporal dynamics and long-term contextual patterns essential for understanding complex crowd behavior. We evaluate HiMeLSTM on two publicly available crowd-anomaly benchmark datasets (UCF-Crime and ShanghaiTech Campus) and an in-house CrowdSurge-1K dataset, demonstrating that it consistently outperforms strong baseline architectures, including Vanilla LSTM, ConvLSTM, a lightweight spatial–temporal Transformer, and recent reconstruction-based models such as MemAE and ST-AE. Across these datasets, HiMeLSTM achieves up to 93.5% accuracy, 89.6% anomaly detection rate (ADR), and a 0.89 F1-score, while maintaining computational efficiency suitable for real-time deployment on GPU-equipped edge devices. Unlike many recent approaches that rely on multimodal sensors, optical-flow volumes, or detailed digital twins of the environment, HiMeLSTM operates solely on raw CCTV video streams combined with a simple manually defined zone layout. Furthermore, the hippocampal-inspired EMU provides an interpretable memory retrieval mechanism: by inspecting the retrieved episodes and their att ention weights, operators can understand which past crowd patterns contributed to a given decision. Overall, the proposed framework represents a significant step toward practical and reliable crowd monitoring systems for enhancing public safety in urban environments.",1,scopus_export,https://doi.org/10.3390/electronics15010101,false
CAND-177,Research on an Intelligent Inspection System for Railway Infrastructure Based on Deep Learning Neural Networks,Xingguo Wei,,2025,10.1109/ai3e69313.2025.00048,,0,scopus_export,https://doi.org/10.1109/ai3e69313.2025.00048,false
CAND-178,AVadCLIP: Audio-Visual Collaboration for Robust Video Anomaly Detection,Peng Wu|Weike Su|Guansong Pang|Yujia Sun|Qingsen Yan|Peng Wang|Yanning Zhang,IEEE Transactions on Multimedia,2026,10.1109/tmm.2026.3714328,"With the increasing adoption of video anomaly detection in intelligent surveillance domains, conventional visual-based detection approaches often struggle with information insufficiency and high false-positive rates in complex environments. To address these limitations, we present a novel weakly supervised framework that leverages audio-visual collaboration for robust video anomaly detection. Capitalizing on the exceptional cross-modal representation learning capabilities of Contrastive Language-Image Pretraining (CLIP) across visual, audio, and textual domains, our framework introduces two major innovations: an efficient audio-visual fusion that enables adaptive cross-modal integration through lightweight parametric adaptation while maintaining the frozen CLIP backbone, and a novel audio-visual prompt that dynamically enhances text embeddings with key multimodal information based on the semantic correlation between audio-visual features and textual labels, significantly improving CLIP's generalization for the video anomaly detection task. Moreover, to enhance robustness against modality deficiency during inference, we further develop an uncertainty-driven feature distillation module that synthesizes audio-visual representations from visual-only inputs. This module employs uncertainty modeling based on the diversity of audio-visual features to dynamically emphasize challenging features during the distillation process. Our framework demonstrates superior performance across multiple benchmarks, with audio integration significantly boosting anomaly detection accuracy in various scenarios. Notably, with unimodal data enhanced by uncertainty-driven distillation, our approach consistently outperforms current unimodal VAD methods.",2,scopus_export,https://doi.org/10.1109/tmm.2026.3714328,false
CAND-179,A Systematic Review of Neural Architectures for Urban Anomaly Recognition Using PRISMA,Asmae Baala|Mostafa Hanoune|Mohssine Bentaib,Lecture notes in networks and systems,2026,10.1007/978-3-032-07718-9_27,,0,scopus_export,https://doi.org/10.1007/978-3-032-07718-9_27,false
CAND-180,Enhancing Safety in Railway Stations Using Unsupervised Machine Learning,C. Edwin Singh|Udayakumar Allimuthu|Saravanan Matheswaran|Pothuri Chaitanya,Lecture notes in networks and systems,2026,10.1007/978-3-032-10756-5_17,,0,scopus_export,https://doi.org/10.1007/978-3-032-10756-5_17,false
CAND-181,Future trends in multimodal learning: from theory to practical applications,Salu Dsouza|Jos Panen,Elsevier eBooks,2026,10.1016/b978-0-443-27528-9.00009-7,,0,scopus_export,https://doi.org/10.1016/b978-0-443-27528-9.00009-7,false
CAND-182,Large Language Models Improve Scene-Invariant Detection of Behavior of Risk in Dementia Residential Care Across Multiple Surveillance Camera Views,Pratik K. Mishra|B Taati|Bing Ye|Kristine Newman|Alex Mihailidis|Andrea Iaboni|Shehroz S. Khan,IEEE Transactions on Neural Systems and Rehabilitation Engineering,2026,10.1109/tnsre.2026.3656747,"Behavioral and psychological symptoms of dementia pose challenges to the safety and well-being of individuals in residential care. The integration of video surveillance in common areas of these settings presents a valuable opportunity for developing automated deep learning methods capable of identifying such behavior of risk. By issuing real-time alerts, these methods can support timely staff intervention and reduce the likelihood of incidents escalating. However, a persistent limitation is the considerable drop in performance when these methods are deployed in environments unseen during training. To address this issue, we propose an unsupervised scene-invariant fusion-based deep learning network. It combines language model-based captioning and scoring with video anomaly detection scoring to improve the generalization performance for unseen camera scenes. The video anomaly detection scoring uses a depth-weighted spatio-temporal autoencoder to reduce false positives, and the caption-based scoring uses a large language model to generate anomaly scores from captions of video frames. The study uses video data collected from nine individuals with dementia, recorded via three distinct hallway-mounted cameras in a dementia unit. The performance was investigated in both the same camera and cross-camera settings, where the proposed method performed consistently better than the existing methods. The proposed approach obtained the best area under receiver operating characteristic curve performance of 0.855, 0.84 and 0.805 for the three cameras. This work motivates further research to develop cross-camera behavior of risk detection systems for people with dementia in care environments.",1,scopus_export,https://doi.org/10.1109/tnsre.2026.3656747,false
CAND-183,RoadSens-4M Dataset,Amith Khandakar|David G. Michelson|Shaikh Golam Rabbani|Fariya Bintay Shafi|Md. Faysal Ahamed|Khondokar Radwanur Rahman|Md Abidur Rahman|Md. Fahmidun Nabi|Mohamed Arselene Ayari|Khaled Khan|Ponnuthurai Nagaratnam Suganthan,Figshare,2026,10.6084/m9.figshare.30341143.v3,"The RoadSens-4M Dataset provides a multimodal collection of sensor, video, weather, and GIS data designed to support research in intelligent transportation systems, road condition monitoring, and machine-learning-based anomaly detection. This dataset integrates synchronized smartphone sensor data (accelerometer, gyroscope, magnetometer, GPS) with video annotations, weather, and geospatial information to accurately identify and classify road surface anomalies, including bumps, potholes, and normal road segments.The dataset comprises 103 data sessions organized in a hierarchical structure to facilitate flexible access and multi-level analysis. It is divided into four main components: Raw Data, Combined CSV with GIS and Weather Data, Isolated Data, and GIS Data. Each session folder contains all corresponding sensor CSV files, including both calibrated and uncalibrated readings from the accelerometer, gyroscope, magnetometer, barometer, compass, gravity, and GPS sensors, along with annotation and metadata files. Within every session, a dedicated camera subfolder holds annotation data and a text file linking to the corresponding video stored on Google Drive, allowing researchers to access complete recordings without manual segmentation.The merged CSV files combine synchronized sensor, GIS, and weather information (temperature, humidity, wind speed, and atmospheric pressure) with a sampling interval of 0.01 seconds, ensuring high temporal resolution. The Isolated Data folder further separates normal and anomaly samples to enable focused comparative analysis, while the GIS Data folder contains QGIS and elevation files for spatial and topographical visualization.This well-structured organization ensures seamless integration of sensor, video, geographic, and environmental data, supporting efficient navigation and in-depth multimodal research. The raw data are hosted separately on Google Drive and can be accessed via the following link: 🔗 https://drive.google.com/drive/folders/16tRSgXy6bjgIcJZzdw3U5unw7jpsKAHB?usp=drive_link",0,scopus_export,https://doi.org/10.6084/m9.figshare.30341143.v3,false
CAND-184,Efficient NASNetMobile-enhanced Vision Transformer for weakly supervised video anomaly detection,Muhammad Luqman Arif Mohamad|Mohd Amiruddin Abd Rahman|Nurisya Mohd Shah|Arun Kumar Sangaiah,Universiti Putra Malaysia Institutional Repository (Universiti Putra Malaysia),2026,,,0,scopus_export,,false
CAND-185,Confidence-Aware Cascaded Learning for Real-Time Weakly Supervised Anomaly Detection in Surveillance Video,K. Mohanarangan|P. Palanisamy,IEEE Access,2026,10.1109/access.2026.3679742,"Weakly supervised video anomaly detection (WS-VAD) has advanced significantly, yet most approaches remain tailored to long, untrimmed streams and fail to meet the latency and reliability demands of real-world surveillance. In asset-protection scenarios, where motion-triggered clips must be processed in real time, existing methods often compromise either accuracy or efficiency. We present a Confidence-Aware Sequential Routing Ensemble (CASRE), a cascaded framework designed for Clip-Level Weak Supervision (CLWS). CASRE integrates a temperature-scaled ResNet3D (TDR3D) primary detector with a novel Temporal-Scale Delta Loss to enforce confidence separation. Only low-confidence clips are routed to a transformer-based MViTv2 fallback, and final predictions are obtained through calibrated probabilistic fusion. This selective routing ensures that high-capacity models are invoked for fewer than 6% of clips, while the majority benefit from lightweight inference. Extensive evaluation on UCF–Crime, UCSD–Ped1/Ped2, and the newly introduced SSAD dataset, a real-world benchmark curated for asset-protection surveillance, demonstrates that CASRE achieves up to 98.64% accuracy and 99.91% AUC, while maintaining sub-0.03 s inference for most samples. By combining confidence calibration, selective routing, and heterogeneous backbone fusion, CASRE establishes a deployable WS-VAD paradigm that balances accuracy, robustness, and computational efficiency, making it well-suited for large-scale surveillance deployments under strict operational constraints.",0,scopus_export,https://doi.org/10.1109/access.2026.3679742,false
CAND-186,Optimized Multimodal Human Activity and Anomaly Detection,Arya Dinachandran|Prof Rameez Mohammed A.,International journal of research and scientific innovation,2026,10.51244/ijrsi.2026.1303000197,"Human activity recognition and anomaly detection play a crucial role in applications such as intelligent surveillance, healthcare monitoring, and smart environments. This study proposes a optimized multimodal framework that integrates video data and IMU sensor signals to differentiate normal and abnormal human activities efficiently. Each data stream is processed independently using optimized, low-complexity deep learning models, and predictions are combined at the decision level to enhance accuracy while avoiding the overhead of feature fusion. Model Optimization reduces memory usage, model size, and inference time, enabling deployment on edge devices such as smart cameras, smartwatches, and smartphones. The system is evaluated on various activities, including fall, driver drowsiness as well as normal activity like walk, run etc, under diverse lighting conditions, sensor placements, and environmental variations to ensure robust performance. The framework emphasizes real-time monitoring and low-latency response, providing a scalable and practical solution for continuous anomaly detection. Future work may extend the system to additional modalities and incremental learning for improved adaptability.",0,scopus_export,https://doi.org/10.51244/ijrsi.2026.1303000197,false
CAND-187,VIGILFY Real Time Exam Surveillance Tool,Seetha Lakshmi R|Vijaya harshitha R|Saranya P,Zenodo (CERN European Organization for Nuclear Research),2026,10.5281/zenodo.19960772,"In this project, it has been proposed the use of AI and ML for the purposes of real-time surveillance and detection of malpractices in an online examination system. As there could be many ways that a student may try to commit unfair practices, such as utilizing external aid, multiple candidates, or any other suspicious browsing activity; therefore, the current methodologies do not guarantee the absolute correctness and integrity of an examination. Video analysis using AI and monitoring browser activity have been combined to analyze continuous flows of information in order to detect anomalies like non-attendance, multiple people being in view, and distracted attention. The identified violations are marked and saved, and then the corresponding clips are selected to create reports that help the educators review the candidate\\\'s actions during the test. It will help minimize the necessity for manual control and will ensure higher precision and consistency. The purpose of the project is to enable real-time detection and analysis of any exam activities by means of monitoring with intelligence.",0,scopus_export,https://doi.org/10.5281/zenodo.19960772,false
CAND-188,VIGILFY Real Time Exam Surveillance Tool,Seetha Lakshmi R|Vijaya harshitha R|Saranya P,Zenodo (CERN European Organization for Nuclear Research),2026,10.5281/zenodo.19960771,"In this project, it has been proposed the use of AI and ML for the purposes of real-time surveillance and detection of malpractices in an online examination system. As there could be many ways that a student may try to commit unfair practices, such as utilizing external aid, multiple candidates, or any other suspicious browsing activity; therefore, the current methodologies do not guarantee the absolute correctness and integrity of an examination. Video analysis using AI and monitoring browser activity have been combined to analyze continuous flows of information in order to detect anomalies like non-attendance, multiple people being in view, and distracted attention. The identified violations are marked and saved, and then the corresponding clips are selected to create reports that help the educators review the candidate\\\'s actions during the test. It will help minimize the necessity for manual control and will ensure higher precision and consistency. The purpose of the project is to enable real-time detection and analysis of any exam activities by means of monitoring with intelligence.",0,scopus_export,https://doi.org/10.5281/zenodo.19960771,false
CAND-189,Video conceptualization and large language models (LLMs) for violence video analysis,Xu Xuanhuai,DR-NTU (Nanyang Technological University),2026,,,0,scopus_export,,false
CAND-190,"AI in CCTV: The Gap Between Perception and Reality — A Survey of Multimodal AI, RAG, and Agentic Frameworks in Video Surveillance Systems",Paweł Narolski,Lecture notes in networks and systems,2026,10.1007/978-3-032-27927-9_29,,0,scopus_export,https://doi.org/10.1007/978-3-032-27927-9_29,false
CAND-191,"Įtartinos veiklos aptikimas mažmeninės prekybos stebėjimo vaizdo įrašuose, taikant žmogaus–objekto sąveikos ir laiko sekų modeliavimo metodus.",Muhammad Sohaib,KTUePubl (Repository of Kaunas University of Technology),2026,,Retail theft (shoplifting) has been a significant cause of financial loss to retailers in various parts of the world and has inspired the development of smarter video surveillance systems that can automatically alert suspicious activity. The proposed thesis is based on the hypothesis of determining whether the use of human-object interaction (HOI) semantics in temporal anomaly detection can significantly enhance detection quality over person-detection statistical baselines. This study is centred on retail surveillance video clip-level anomaly detection and measures performance based on standardised ranking measures.,0,scopus_export,,false
CAND-192,CineFault-DG: Domain-Generalized Multimodal Fault Diagnosis for Quality Control in Virtual Film Production,Yining Xu|Fang Wang|Yajie Cao|Yongjian Wang,IEEE Access,2026,10.1109/access.2026.3710241,"Virtual production has become a central workflow in contemporary film and television making, combining LED volume stages, real-time rendering, camera tracking, color management, and post-production tools into a tightly coupled creative-technical pipeline. However, the same coupling that enables in-camera visual effects also creates a new class of production quality failures, including LED refresh banding, tracking-render parallax, color-space mismatch, genlock jitter, rolling-shutter artifacts, focus and exposure drift, and compression-induced temporal instability. Existing video quality assessment methods estimate perceptual quality, while intelligent cinematography research mainly focuses on shot generation, editing, camera control, or semantic understanding. Few studies formulate virtual production quality control as a fault diagnosis problem with cross-scene generalization and open-set anomaly rejection. This paper proposes CineFault-DG, a domain-generalized multimodal fault diagnosis framework for virtual film production quality control. The method combines a spatiotemporal visual encoder, production-aware quality descriptors, scene-style disentanglement, graph-guided fault reasoning, and uncertainty-calibrated open-set detection. To support reproducible evaluation, we define a construction protocol for CineVP-QA, a benchmark derived from public video quality and movie-understanding datasets with physically motivated virtual-production fault injection. As an initial proof of concept, we implement a public-data pilot using 1,920 synthetic short clips generated from eight open sample-image domains. In this pilot, a lightweight diagnostic implementation reaches 0.981 random-split macro-F1, while performance drops to 0.160 macro-F1 under a held-out-domain split, revealing the importance of cross-domain evaluation. We further evaluate a real YouTube-UGC H264 subset under a 200 MB download budget. This subset contains 14 videos, 420 generated clips, two injected severity levels, and seven content categories; it yields 0.849 accuracy, 0.825 macro-F1, 0.116 severity mean absolute error, and 0.706 open-set AUROC. Robustness analyses further report ten-run mean and standard deviation estimates, metadata-context behavior, loss-weight sensitivity, and open-set threshold behavior. CineFault-DG provides a practical bridge between film production studies and intelligent maintenance research by treating creative media workflows as diagnosable production systems.",0,scopus_export,https://doi.org/10.1109/access.2026.3710241,false
CAND-193,Self-supervised Contrastive Learning for Video Anomaly Detection Using Spatio-Temporal Graphs,Moirangthem Tiken Singh|Saine Dehingia,Lecture notes in networks and systems,2026,10.1007/978-3-032-27157-0_32,,0,scopus_export,https://doi.org/10.1007/978-3-032-27157-0_32,false
CAND-194,Cross-modal uncertainty modeling framework for unseen video anomaly detection,Prabhu Prasad Dev|Pranesh Das|Raju Hazari,Neurocomputing,2026,10.1016/j.neucom.2025.132591,,1,scopus_export,https://doi.org/10.1016/j.neucom.2025.132591,false
CAND-195,GRCNN: A Gated Recurrent Convolutional Neural Network for Robust Temporal-Spatial Video Anomaly Detection,Matěj Černý|Adam Hájek|Adéla Černá,Data Engineering and Applications,2026,10.64972/dea.2026.v5i1.1657d:87-100,"With the advancement of intelligent monitoring technology, detecting anomalous events in video streams with rich spatiotemporal correlations and dynamic backgrounds has become increasingly difficult. To address the aforementioned issues, this paper proposes a new Gated Recurrent Convolutional Neural Network (GRCNN). The network features a graph-based attention mechanism, dual-branch recursive paths, and dynamic time gating. Through end-to-end training, data augmentation, and regularization, the improved model enhances the sensitivity and noise resistance of the original model. Experiments on the UCSD Ped2, Avenue, and ShanghaiTech datasets show that GRCNN achieved an average AUC of 95.8%, an F1-score exceeding 92%, and an average detection delay reduced to 71 milliseconds. Due to its excellent design, it outperforms the current best baseline in cross-domain transfer and multimodal fusion. According to the experiments, the model remains effective under uncertain conditions. The results indicate that GRCNN has good adaptability and efficiency, making it suitable for real-time monitoring in public safety and other intelligent surveillance systems.",0,scopus_export,https://doi.org/10.64972/dea.2026.v5i1.1657d:87-100,false
CAND-196,AI Based Home Anomaly & Intruder Detection System,Shiv Shankar E|Ms. Gayathri. S|Akshatha M|S Rithvik Bhat|Amruthesh T. M|Harshith S P,INTERANTIONAL JOURNAL OF SCIENTIFIC RESEARCH IN ENGINEERING AND MANAGEMENT,2026,10.55041/ijsrem55806,"A B S T R A C T The rapid expansion of smart home technologies has increased the need for intelligent and autonomous security systems. Conventional home security solutions that rely on motion sensors and manual CCTV surveillance are reactive in nature and frequently generate false alarms due to pets, lighting changes, or routine household activities. This paper presents an AI based home anomaly and intruder detection system that provides real-time security monitoring using computer vision and deep learning techniques. The proposed system utilizes MediaPipe for efficient face detection and a FaceNet-based deep learning model to generate facial embeddings for identity recognition. Cosine similarity is used to compare detected faces with registered users stored in a local database. When an unknown individual is detected, the system automatically activates a continuous audible alarm, records video evidence, and sends instant alerts with the recorded clip to the homeowner via Telegram. Experimental results show that the system operates reliably in real time, significantly reduces false alarms, and enhances overall smart home security.",0,scopus_export,https://doi.org/10.55041/ijsrem55806,false
CAND-197,Domain-Adaptive Video Captioning for Surveillance Videos,Association for Artificial Intelligence 2026,Underline Science Inc.,2026,10.48448/2p3q-q344,"Surveillance video captioning aims to generate natural language descriptions for security video and plays a crucial role in applications such as anomaly detection and behavior analysis. While vision-language models (VLMs) perform well on general video captioning, they often struggle in surveillance scenarios due to domain discrepancies in visual style and content emphasis. Moreover, reliable evaluation of caption quality in this domain also remains challenging. We propose a comprehensive framework that addresses both domain adaptation and evaluation. For domain adaptation, we enhance VLMs via reinforcement fine-tuning, exploring multiple reward designs to optimize relevance and accuracy while helping to improve out-of-domain generalization. For evaluation, we develop an LLM-as-a-Judge process that assesses generated descriptions from two complementary perspectives: a local semantic score capturing fine-grained action fidelity and a global quality score evaluating linguistic fluency and temporal coherence. Experimental results show that our domain adaptation approach outperforms both zero-shot and supervised fine-tuning baselines. Ablation studies further validate the effectiveness of our reward design, training strategy, and out-of-domain generalization. In addition, empirical analyses show that the proposed LLM-as-a-Judge framework aligns closely with human evaluations and exhibits stable and robust performance across different conditions.",0,scopus_export,https://doi.org/10.48448/2p3q-q344,false
CAND-198,TargetVAU: Multimodal Anomaly-Aware Reasoning for Target Behavior Understanding in Videos,Association for Artificial Intelligence 2026|Guansong Pang|Peng Wang|Qingsheng Wang|Peng Wu|Manqing Zhang|Lingru Zhou,Underline Science Inc.,2026,10.48448/jgf3-rx82,"Understanding anomalous human behaviors at a fine-grained level remains a major challenge in complex scenarios. Existing video anomaly understanding (VAU) methods often rely on coarse frame-level cues or overlook structured modeling of individual actions, limiting their capacity for reasoning about human interactions and accountability. To address these challenges, we propose TargetVAU, a multimodal anomaly-aware reasoning framework designed for individual-level anomaly recognition and explanation. TargetVAU first extracts both global-level and human-centric visual features using a frozen Vision Transformer (ViT) encoder. An Anomaly-focused Temporal Sampler is then employed to select behaviorally informative frames via a density-aware strategy guided by predicted anomaly scores. A Spatio-Temporal Interaction Graph is constructed to explicitly model interactions among individuals across time and space. These structured representations are fused with prompt embeddings via a frozen Q-Former to form a unified semantic representation. Finally, a large language model fine-tuned with low-rank adaptation (LoRA) performs instruction-guided reasoning to identify anomalous individuals and generate natural language explanations. Extensive experiments on UCCD and HIVAU-70K demonstrate that TargetVAU significantly outperforms existing methods in both accuracy and interpretability, advancing the state of individual-level anomaly understanding in surveillance videos.",0,scopus_export,https://doi.org/10.48448/jgf3-rx82,false
CAND-199,Video Data-Driven Approaches for Monitoring Hazard Sources in Emergency Response Scenarios at Coal and Renewable Energy Facilities,Xiangdong Zhang|Songyu Zou,,2026,10.1109/iceaai68945.2026.11442454,,0,scopus_export,https://doi.org/10.1109/iceaai68945.2026.11442454,false
CAND-200,A Novel Methodology for Detecting Abnormal Activities in Video Surveillance using Weakly Supervised Learning,NAZREEN BANU A|Pavithiraa S|Nithiksha N|Nithikaa S J,,2026,10.1109/iccces62661.2026.11437110,,0,scopus_export,https://doi.org/10.1109/iccces62661.2026.11437110,false
CAND-201,DR-VAD: Definition-guided reasoning for training-free video anomaly detection,Yanting Pei|Minhao Hao|Yaping Huang|Qi Zou,Neurocomputing,2026,10.1016/j.neucom.2026.132836,,2,scopus_export,https://doi.org/10.1016/j.neucom.2026.132836,false
CAND-202,Multimodal deep learning framework for real-time detection of gender-targeted criminal activities using surveillance videos in process,Kanchan Ganesh Dhuri|Sunita Patil,IET conference proceedings.,2026,10.1049/icp.2025.4699,,0,scopus_export,https://doi.org/10.1049/icp.2025.4699,false
CAND-203,Hierarchical vision-language model with comprehensive language description for video anomaly detection,Muaz Al Radi|Sajid Javed,Knowledge-Based Systems,2026,10.1016/j.knosys.2026.115466,"Video Anomaly Detection (VAD) is a crucial task in computer vision, with applications in surveillance, transportation, and industrial monitoring. Recent advancements in Vision-Language Models (VLMs) have shown promising direction toward VAD in weakly supervised and unsupervised settings by leveraging visual and textual modalities. However, existing VLM-based methods often overlook coarse-to-fine temporal information, limiting their ability to handle complex anomalies. To address this issue, we propose a hierarchical VLM that enhances visual-textual feature representation by capturing video content at multiple levels of abstraction. Our algorithm generates a hierarchical view of the video, dividing it into short and long views. We extract hierarchical visual features and construct a bag containing comprehensive textual descriptions of anomalies using existing VLMs without relying on ground truth data. Our model fuses these modalities and is fine-tuned for anomaly score prediction in weakly supervised, unsupervised, and one-class settings. We also introduce a training-free VAD framework based on similarity scores. By aligning complex concepts across hierarchical views, our model captures both fine-grained details and high-level contextual information, leading to robust feature representations. Extensive experiments on UCF-Crime, ShanghaiTech, and XD-Violence datasets demonstrate the superior performance of our method compared to State-Of-The-Art VAD methods. The code is available on GitHub at: https://github.com/MR81224/HVLMCLD-VAD .",5,scopus_export,https://doi.org/10.1016/j.knosys.2026.115466,false
CAND-204,Cross-modal spatio-temporal fusion weakly supervised video anomaly detection based on large-scale vision-language models,Lihu Pan|Shouxin Peng|Rui Zhang|Sendren Sheng‐Dong Xu|Binhong Xie,Multimedia Systems,2026,10.1007/s00530-025-02158-w,,1,scopus_export,https://doi.org/10.1007/s00530-025-02158-w,false
CAND-205,Using Vision-Language Models to Detect Anomalies in CCTV Surveillance Videos,Jiho Choi|Sung-Woo Byun|Jong Seung Park|Seung Pyo Hong,,2026,10.1109/icce67443.2026.11449611,,0,scopus_export,https://doi.org/10.1109/icce67443.2026.11449611,false
CAND-206,Video anomaly detection for edge-based IoT systems: A survey of input modalities and real-time applications,Hoangcong Le|Cheng-Kai Lu|Chen-Chien Hsu,Intelligent Systems with Applications,2026,10.1016/j.iswa.2026.200635,"• Reviews video anomaly detection methods with a focus on input data modalities. • Analyzes RGB, skeleton, and multimodal approaches under real-time IoT constraints. • Summarizes edge-readiness using latency, model size, FLOPs, and FPS metrics. • Identifies gaps between benchmark accuracy and deployable edge solutions. • Discusses future directions for lightweight and privacy-aware VAD on edge devices. With the vast amount of video data generated daily, researchers have become increasingly interested in extracting meaningful information, particularly for analyzing abnormal events. This growing interest has accelerated progress in video anomaly detection (VAD) as a specialized subfield of computer vision, attracting considerable attention due to its potential applications in real-time scenarios such as elderly care, smart homes, and intelligent surveillance. To provide a comprehensive understanding of this rapidly evolving field, several systematic reviews have been conducted to help new researchers enter the field and assist experienced groups in keeping pace with recent advancements. However, existing surveys lack a focused analysis of how different input data modalities impact the performance of VAD systems, particularly from a privacy-preserving perspective. Understanding the effectiveness of various data modalities and data collection strategies is essential for protecting personal information in computer vision applications. Furthermore, the feasibility of deploying VAD models in real-time Internet of Things (IoT) environments remains underexplored, where low latency, limited resources, and strict privacy requirements are critical considerations. Although edge computing has been increasingly adopted to address these challenges, most studies overlook the deployment of VAD frameworks on resource-constrained devices. Integrating edge-based VAD systems with federated learning algorithms represents a promising direction for enabling privacy-aware and scalable real-world systems. Rather than providing a method-centric summary, this survey reorganizes the VAD literature from a deployment-oriented viewpoint, highlighting how input modality choices fundamentally affect privacy preservation and real-time feasibility on edge-based IoT systems. This work specifically reviews studies published between 2020 and 2025.",0,scopus_export,https://doi.org/10.1016/j.iswa.2026.200635,false
CAND-207,"TransLowNet: An Online Framework for Video Anomaly Detection, Classification, and Localization",Jonathan Flores-Monroy|Gibran Benítez-García|Mariko Nakano-Miyatake|Hector Perez‐Meana|Hiroki Takahashi,,2026,10.3390/engproc2026123028,"This work presents TransLowNet, an online framework for video anomaly detection, classification, and spatial localization. The system segments incoming video streams into clips processed by an X3D-S feature extractor to obtain spatio-temporal representations, which are analyzed by dedicated modules for anomaly detection and recognition, while a MoG2-based stage estimates the spatial regions of anomalous activity. Evaluated on the UCF-Crime dataset, TransLowNet achieved 80.0% AUC, 54.5% accuracy, and 20.3% mAP@0.5, offering an efficient and interpretable approach for continuous video surveillance.",0,scopus_export,https://doi.org/10.3390/engproc2026123028,false
CAND-208,Deep learning techniques for video-based violence detection: a comprehensive review,Essam H. Houssein|Osama Mohamed|Ebtsam Mohamed|Hamdi A. Mahmoud,Journal of Ambient Intelligence and Humanized Computing,2026,10.1007/s12652-026-05045-y,,1,scopus_export,https://doi.org/10.1007/s12652-026-05045-y,false
CAND-209,"An Integrated Analytics Framework Using High-Volume Time-Series, Image, and Process Data to Optimize OEE, Scrap Reduction, and Energy Efficiency",Syed Hassan,Global Academic Journal of Economics and Business,2026,10.36348/gajeb.2026.v08i01.005,,0,scopus_export,https://doi.org/10.36348/gajeb.2026.v08i01.005,false
CAND-210,AI4RISK ViDD - Violence Detection Dataset,Matei Debu|Teodora Popa|Ioana Cristina Plajer|Serban Oprisescu|Stefan Popa|Dogar Liviu Doru|Andrei Racoviţeanu|Alexandra Băicoianu|Corneliu Florea|Mihai Ivanovici,Zenodo (CERN European Organization for Nuclear Research),2026,10.5281/zenodo.18770491,"The ViDD dataset was produced within the framework of the AI4RISK, contract no. 3Sol(T3)/02.09.2024. The ViDD acronym stands for Violence Detection Dataset. The Ethics Committee of Transilvania University of Brasov, Romania approved the experiments involving human participants. Each participant provided informed consent by signing a GDPR-compliant consent form prior to the recordings. The dataset contains 7,301 video clips, each 2 seconds long, with a resolution of 320 × 240 pixels, a frame rate of 25 fps and stored in MP4 format. The videos were collected using four cameras to obtain four different perspectives of the same area. All faces were blurred and the filenames were randomized using a token consisting of 16 alphanumeric characters to improve privacy. All video clips were annotated independently by two persons and each sequence was carefully verified to ensure correct labeling. The dataset includes four violence categories: shooting (1), throwing (2), punching (3) and running and pushing (4), as well as a non-violence (0) class. The number of video clips per class is: 0 – 4,594, 1 – 624, 2 – 550, 3 – 687, 4 – 648. The main dataset directory contains a CSV file entitle clips_classes listing all clips and their corresponding labels (CSV header: filename, violence_type). The 2-second clips are stored in separate subdirectories by class. Additionally, each class directory contains a CSV file listing the clip names and their associated violence type. This dataset is ideal for a variety of applications and research, including: Violence detection and classification - Training and testing models for automatic identification of violent acts in real-time or post-processing; Smart surveillance systems - Developing solutions for security monitoring in public spaces, schools or other environments; Human behavior analysis - Studying and recognizing complex human actions and interactions; Computer vision research - Exploring neural architectures for action recognition, event detection and anomaly detection in video streams. This work was funded by the Romanian Ministry of Research, Innovation and Digitalization, SOLUTIONS project entitled ""Platform for fusion and management of multi-source data collections exploitable by artificial intelligence models for predictive estimation and analysis of risk situations (AI4RISK)”, contract no. 3Sol(T3)/02.09.2024",0,scopus_export,https://doi.org/10.5281/zenodo.18770491,false
CAND-211,AI4RISK ViDD - Violence Detection Dataset,Matei Debu|Teodora Popa|Ioana Cristina Plajer|Serban Oprisescu|Stefan Popa|Dogar Liviu Doru|Andrei Racoviţeanu|Alexandra Băicoianu|Corneliu Florea|Mihai Ivanovici,Zenodo (CERN European Organization for Nuclear Research),2026,10.5281/zenodo.18770490,"The ViDD dataset was produced within the framework of the AI4RISK, contract no. 3Sol(T3)/02.09.2024. The ViDD acronym stands for Violence Detection Dataset. The Ethics Committee of Transilvania University of Brasov, Romania approved the experiments involving human participants. Each participant provided informed consent by signing a GDPR-compliant consent form prior to the recordings. The dataset contains 7,301 video clips, each 2 seconds long, with a resolution of 320 × 240 pixels, a frame rate of 25 fps and stored in MP4 format. The videos were collected using four cameras to obtain four different perspectives of the same area. All faces were blurred and the filenames were randomized using a token consisting of 16 alphanumeric characters to improve privacy. All video clips were annotated independently by two persons and each sequence was carefully verified to ensure correct labeling. The dataset includes four violence categories: shooting (1), throwing (2), punching (3) and running and pushing (4), as well as a non-violence (0) class. The number of video clips per class is: 0 – 4,594, 1 – 624, 2 – 550, 3 – 687, 4 – 648. The main dataset directory contains a CSV file entitle clips_classes listing all clips and their corresponding labels (CSV header: filename, violence_type). The 2-second clips are stored in separate subdirectories by class. Additionally, each class directory contains a CSV file listing the clip names and their associated violence type. This dataset is ideal for a variety of applications and research, including: Violence detection and classification - Training and testing models for automatic identification of violent acts in real-time or post-processing; Smart surveillance systems - Developing solutions for security monitoring in public spaces, schools or other environments; Human behavior analysis - Studying and recognizing complex human actions and interactions; Computer vision research - Exploring neural architectures for action recognition, event detection and anomaly detection in video streams. This work was funded by the Romanian Ministry of Research, Innovation and Digitalization, SOLUTIONS project entitled ""Platform for fusion and management of multi-source data collections exploitable by artificial intelligence models for predictive estimation and analysis of risk situations (AI4RISK)”, contract no. 3Sol(T3)/02.09.2024",0,scopus_export,https://doi.org/10.5281/zenodo.18770490,false
CAND-212,A Survey of Anomalous Behavior Detection Techniques in Video Surveillance,Liang Ni,International Journal of Emerging Technologies and Advanced Applications,2026,10.62677/ijetaa.2601146,"Anomalous behavior detection in video surveillance is a central research problem in the field of intelligent security. With the large-scale deployment of surveillance cameras in public spaces, the need for automatic identification of anomalous events---such as fighting, falling, and unattended objects---from massive video streams has become increasingly urgent. This paper systematically reviews the mainstream technical approaches in this domain, encompassing traditional methods based on optical flow and background modeling, deep learning methods based on convolutional neural networks (CNNs) and long short-term memory networks (LSTMs), unsupervised anomaly detection methods based on autoencoders and generative adversarial networks (GANs), and the recently emerged Transformer and graph neural network (GNN) approaches. The paper further surveys widely adopted benchmark datasets---including UCF-Crime and ShanghaiTech---along with evaluation metrics such as frame-level area under the curve (AUC). The latest advances in multimodal fusion and edge deployment are discussed, and key challenges including high annotation costs, weak cross-scene generalization, and insufficient model interpretability are analyzed. Finally, the paper provides an outlook on frontier directions including vision-language large models and few-shot learning, aiming to serve as a comprehensive technical reference for researchers in this field.",1,scopus_export,https://doi.org/10.62677/ijetaa.2601146,false
CAND-213,A Review of Intelligent Security Research: Progress in Integrated Edge-Cloud-Graph Approaches,Yunwei Wang,Journal of intelligence and knowledge engineering.,2026,10.62517/jike.202604106,,0,scopus_export,https://doi.org/10.62517/jike.202604106,false
CAND-214,Integrating Vision and Language: An Improved VAD Model,Manas R. Biswal|S. Soumyaranjan Baliarsingh,Journal of Applied Science and Technology Trends,2026,10.38094/jastt71658,"Automatic anomaly detection in video surveillance is crucial for public and private safety. However, it is challenging because of unclear abnormal events, limited labeled data, and mismatches between different types of data. Traditional video anomaly detection methods mainly focus on spatiotemporal visual features. They often ignore semantic information and interactions between different data types. Additionally, many multimodal approaches use basic fusion methods that do not solve the alignment problems between these types of data. To address these issues, we propose a multimodal framework that includes a Hierarchical Multi-scale Temporal Network (H-MSTN). This network models short-, medium-, and long-term dependencies in visual and textual data. A lightweight cross-modal attention module makes sure the semantics align. Meanwhile, a Multimodal Attention-Based Fusion Transformer (MAFT) refines cross-modal representations in real time. We evaluate this framework using the UCF-Crime and XD-Violence benchmarks. The proposed method achieves 92.42% AUC on UCF-Crime and 88.63% AP on XD-Violence with significantly lower computational cost and faster inference than recent multimodal baselines such as ReFLIP-VAD. These results demonstrate a strong efficiency–accuracy trade-off for real-time deployment while maintaining competitive or improved performance over prior methods such as MVAD and TEVAD.",1,scopus_export,https://doi.org/10.38094/jastt71658,false
CAND-215,An AI-Powered Multimodal Chatbot for Object Recognition and Context-Aware Response Generation,Anand K|Amrutha BJ|Deepiga Dharshini C,,2026,10.1109/iciss67859.2026.11453779,,0,scopus_export,https://doi.org/10.1109/iciss67859.2026.11453779,false
CAND-216,Are Multimodal LLMs Ready for Surveillance? A Reality Check on Zero-Shot Anomaly Detection in the Wild,Shanle Yao|Armin Danesh Pazho|Narges Rashvand|Hamed Tabkhi,arXiv (Cornell University),2026,10.48550/arxiv.2603.04727,"Multimodal large language models (MLLMs) have demonstrated impressive general competence in video understanding, yet their reliability for real-world Video Anomaly Detection (VAD) remains largely unexplored. Unlike conventional pipelines relying on reconstruction or pose-based cues, MLLMs enable a paradigm shift: treating anomaly detection as a language-guided reasoning task. In this work, we systematically evaluate state-of-the-art MLLMs on the ShanghaiTech and CHAD benchmarks by reformulating VAD as a binary classification task under weak temporal supervision. We investigate how prompt specificity and temporal window lengths (1s--3s) influence performance, focusing on the precision--recall trade-off. Our findings reveal a pronounced conservative bias in zero-shot settings; while models exhibit high confidence, they disproportionately favor the 'normal' class, resulting in high precision but a recall collapse that limits practical utility. We demonstrate that class-specific instructions can significantly shift this decision boundary, improving the peak F1-score on ShanghaiTech from 0.09 to 0.64, yet recall remains a critical bottleneck. These results highlight a significant performance gap for MLLMs in noisy environments and provide a foundation for future work in recall-oriented prompting and model calibration for open-world surveillance, which demands complex video understanding and reasoning.",0,scopus_export,https://doi.org/10.48550/arxiv.2603.04727,false
CAND-217,Are Multimodal LLMs Ready for Surveillance? A Reality Check on Zero-Shot Anomaly Detection in the Wild,Shanle Yao|Armin Danesh Pazho|Narges Rashvand|Hamed Tabkhi,arXiv (Cornell University),2026,,"Multimodal large language models (MLLMs) have demonstrated impressive general competence in video understanding, yet their reliability for real-world Video Anomaly Detection (VAD) remains largely unexplored. Unlike conventional pipelines relying on reconstruction or pose-based cues, MLLMs enable a paradigm shift: treating anomaly detection as a language-guided reasoning task. In this work, we systematically evaluate state-of-the-art MLLMs on the ShanghaiTech and CHAD benchmarks by reformulating VAD as a binary classification task under weak temporal supervision. We investigate how prompt specificity and temporal window lengths (1s--3s) influence performance, focusing on the precision--recall trade-off. Our findings reveal a pronounced conservative bias in zero-shot settings; while models exhibit high confidence, they disproportionately favor the 'normal' class, resulting in high precision but a recall collapse that limits practical utility. We demonstrate that class-specific instructions can significantly shift this decision boundary, improving the peak F1-score on ShanghaiTech from 0.09 to 0.64, yet recall remains a critical bottleneck. These results highlight a significant performance gap for MLLMs in noisy environments and provide a foundation for future work in recall-oriented prompting and model calibration for open-world surveillance, which demands complex video understanding and reasoning.",0,scopus_export,,false
CAND-218,Unlocking Vision-Language Models for Video Anomaly Detection via Fine-Grained Prompting,Shu Zou|Xinyu Tian|Lukas Wesemann|Fabian Waschkowski|Zhaoyuan Yang|Jing Zhang,,2026,10.1109/wacv61042.2026.00411,"Prompting has emerged as a practical way to adapt frozen vision-language models (VLMs) for video anomaly detection (VAD). Yet, existing prompts are often overly abstract, overlooking the fine-grained human–object interactions or action semantics that define complex anomalies in surveillance videos. We propose ASK-Hint, a structured prompting framework that leverages action-centric knowledge to elicit more accurate and interpretable reasoning from frozen VLMs. Our approach organizes prompts into semantically coherent groups (e.g. violence, property crimes, public safety) and formulates fine-grained guiding questions that align model predictions with discriminative visual cues. Extensive experiments on UCF-Crime and XD-Violence show that ASK-Hint consistently improves AUC over prior baselines, achieving state-of-the-art performance compared to both fine-tuned and training-free methods. Beyond accuracy, our framework provides interpretable reasoning traces towards anomaly and demonstrates strong generalization across datasets and VLM backbones. These results highlight the critical role of prompt granularity and establish ASK-Hint as a new training-free and generalizable solution for explainable video anomaly detection.",0,scopus_export,https://doi.org/10.1109/wacv61042.2026.00411,false
CAND-219,AnyAnomaly: Zero-Shot Customizable Video Anomaly Detection with LVLM,Sunghyun Ahn|Youngwan Jo|Kijung Lee|Sein Kwon|Inpyo Hong|Sanghyun Park,,2026,10.1109/wacv61042.2026.00296,"Video anomaly detection (VAD) is crucial for video analysis and surveillance in computer vision. However, existing VAD models rely on learned normal patterns, which makes them difficult to apply to diverse environments. Consequently, users should retrain models or develop separate AI models for new environments, which requires expertise in machine learning, high-performance hardware, and extensive data collection, limiting the practical usability of VAD. To address these challenges, this study proposes customizable video anomaly detection (C-VAD) technique and the AnyAnomaly model. C-VAD considers user-defined text as an abnormal event and detects frames containing a specified event in a video. We effectively implemented AnyAnomaly using a context-aware visual question answering without fine-tuning the large vision language model. To validate the effectiveness of the proposed model, we constructed C-VAD datasets and demonstrated the superiority of AnyAnomaly. Furthermore, our approach showed competitive results on VAD benchmarks, achieving state-of-the-art performance on UBnormal and UCF-Crime and surpassing other methods in generalization across all datasets. Our code is available online at github.com/SkiddieAhn/Paper-AnyAnomaly.",0,scopus_export,https://doi.org/10.1109/wacv61042.2026.00296,false
CAND-220,STAnomalyNet: Spatio-Temporal Traffic Anomaly Detection with ConvLSTM,Priti Gupta|Saketh SudhirKumar KrishnaPai|Gadha Saji Menon|Ngotho Elizabeth Wanza|K. Namitha,,2026,10.1109/iatmsi68868.2026.11465333,,0,scopus_export,https://doi.org/10.1109/iatmsi68868.2026.11465333,false
CAND-221,SOR-BDNet: Semantic-Optical Representation for Boundary-Aware Video Anomaly Detection with GPT-4o,Yi Sun|Bryan W. Scotney|Xiushan Nie|Xingbo Liu|Shuai Zhang|Lanting Qiu,ACM Transactions on Multimedia Computing Communications and Applications,2026,10.1145/3801156,"In recent years, Video Anomaly Detection (VAD) has shifted from conventional appearance-based modeling to semantically driven frameworks empowered by LLMs. Traditional reconstruction- and prediction-based methods, relying on motion or appearance patterns learned from normal data, often misclassify previously unseen yet semantically normal events as anomalies. To address this limitation, we propose SOR-BDNet (Semantic-Optical Representation with Boundary Detection Network), an annotation-free multimodal VAD framework that jointly leverages visual appearance and motion dynamics to generate interpretable semantic representations at the frame level. Specifically, we employ RAFT to estimate dense motion fields and concatenate the resulting flow maps with RGB images to form unified spatiotemporal inputs. These fused representations are fed into a GPT-4o-based module that generates semantic captions capturing object semantics and motion cues. Anomalies are detected by measuring semantic deviations from a memory bank constructed from normal captions. To further refine temporal boundaries, we design a boundary refinement module that integrates visual continuity constraints with contrastive feature learning based on a Swin Transformer backbone. Extensive experiments on four challenging benchmarks—UCSD-Ped2, Avenue, ShanghaiTech, and UCF-Crime—demonstrate that SOR-BDNet achieves frame-level accuracies of 97.96%, 82.86%, 87.36%, and 85.64%, respectively. These results highlight the robustness and scalability of the proposed framework, while significantly improving interpretability and generalization across diverse real-world surveillance scenarios. The source code and pretrained models are available at https://github.com/syi-coder/SOR-BDNet-Semantic-Optical-Representation-for-Boundary-Aware-Video-Anomaly-Detection-with-GPT-4o .",1,scopus_export,https://doi.org/10.1145/3801156,false
CAND-222,TargetVAU: Multimodal Anomaly-Aware Reasoning for Target Behavior Understanding in Videos,Lingru Zhou|Peng Wu|Manqing Zhang|Qin Wang|Guansong Pang|Peng Wang,Proceedings of the AAAI Conference on Artificial Intelligence,2026,10.1609/aaai.v40i16.38378,"Understanding anomalous human behaviors at a fine-grained level remains a major challenge in complex scenarios. Existing video anomaly understanding (VAU) methods often rely on coarse frame-level cues or overlook structured modeling of individual actions, limiting their capacity for reasoning about human interactions and accountability. To address these challenges, we propose TargetVAU, a multimodal anomaly-aware reasoning framework designed for individual-level anomaly recognition and explanation. TargetVAU first extracts both global-level and human-centric visual features using a frozen Vision Transformer (ViT) encoder. An Anomaly-focused Temporal Sampler is then employed to select behaviorally informative frames via a density-aware strategy guided by predicted anomaly scores. A Spatio-Temporal Interaction Graph is constructed to explicitly model interactions among individuals across time and space. These structured representations are fused with prompt embeddings via a frozen Q-Former to form a unified semantic representation. Finally, a large language model fine-tuned with low-rank adaptation (LoRA) performs instruction-guided reasoning to identify anomalous individuals and generate natural language explanations. Extensive experiments on UCCD and HIVAU-70K demonstrate that TargetVAU significantly outperforms existing methods in both accuracy and interpretability, advancing the state of individual-level anomaly understanding in surveillance videos.",2,scopus_export,https://doi.org/10.1609/aaai.v40i16.38378,false
CAND-223,Construction of a Deep-learning-based Reusability Assessment System for Large Vehicle Tires,Iori Iwata|Kazuma Sakamoto|Teruya Minakuchi|Reo Ishii|Etsuto Tashiro|Yoshihiro Ueda,Sensors and Materials,2026,10.18494/sam6089,"AI advancements in anomaly detection enable inspections that are more efficient and precise than human operators, enhancing recycling efficiency and supporting Sustainable Development Goals.Tire manufacturers currently rely on manual visual inspection to assess used tires for damage and manufacturing dates; however, this process suffers from skilled labor shortages and excessive time requirements.In this research, we aim to automate tire damage detection and manufacturing date recognition using deep learning on videos from standard cameras, thereby improving operational efficiency.Four experiments were conducted to validate the system.In Experiment 1, we evaluated four object detection models for damage recognition efficacy.In Experiment 2, we proposed a system for automatic reusability determination based on confidence thresholds.In Experiment 3, we utilized optical character recognition (OCR) and generative pre-trained transformer (GPT) for manufacturing date recognition, achieving 88.2% accuracy with GPT after applying image rotation and cropping.In Experiment 4, we tested an automated image cropping method, resulting in a 5.06% relative error in bounding box areas compared with manual annotation.Future work will be on combining damage and manufacturing date recognition systems and incorporating slip sign detection to further improve the classification accuracy of reusable tires.",0,scopus_export,https://doi.org/10.18494/sam6089,false
CAND-224,Explicit knowledge-structured weakly supervised video anomaly detection,C. L. Yang|Xue‐song Tang|Kuangrong Hao|Yubing Li|Zhiqi Wang,Digital Signal Processing,2026,10.1016/j.dsp.2026.106088,,0,scopus_export,https://doi.org/10.1016/j.dsp.2026.106088,false
CAND-225,Adaptive Trust Gated Fusion of RGB and Depth Modalities with Entangled Spatiotemporal Attention for Self-Supervised Video Anomaly Detection,Dr. P. Krishna Priya Sindhu T,Zenodo (CERN European Organization for Nuclear Research),2026,10.5281/zenodo.19221471,"Anomaly detection in surveillance video is a vital task for ensuring public safety, particularly in crowded and dynamic environments. This study introduces a self-supervised spatiotemporal framework that integrates cross-modal gated fusion and spatiotemporal attention to predict future frames in video sequences. By leveraging both RGB and depth modalities, the model learns normal temporal dynamics and identifies anomalies through reconstruction error. The gated fusion mechanism adaptively balances the reliability of RGB and depth features, while the spatiotemporal attention module highlights motion cues and suppresses background clutter. Structural similarity (SSIM) loss is employed to preserve human silhouettes and spatial structures, complemented by mean squared error (MSE) for depth reconstruction. The proposed framework was evaluated on three benchmark datasets — UCSD Pedestrian, CUHK Avenue, and ShanghaiTech — achieving superior performance compared to baseline autoencoder and prediction models. Results demonstrate that the model effectively detects diverse anomalies such as bicycles, running, and crowd disturbances, even under challenging conditions of occlusion and illumination variation. This work underscores the importance of multimodal fusion and attention mechanisms in advancing robust surveillance anomaly detection",0,scopus_export,https://doi.org/10.5281/zenodo.19221471,false
CAND-226,Adaptive Trust Gated Fusion of RGB and Depth Modalities with Entangled Spatiotemporal Attention for Self-Supervised Video Anomaly Detection,Dr. P. Krishna Priya Sindhu T,Zenodo (CERN European Organization for Nuclear Research),2026,10.5281/zenodo.19221472,"Anomaly detection in surveillance video is a vital task for ensuring public safety, particularly in crowded and dynamic environments. This study introduces a self-supervised spatiotemporal framework that integrates cross-modal gated fusion and spatiotemporal attention to predict future frames in video sequences. By leveraging both RGB and depth modalities, the model learns normal temporal dynamics and identifies anomalies through reconstruction error. The gated fusion mechanism adaptively balances the reliability of RGB and depth features, while the spatiotemporal attention module highlights motion cues and suppresses background clutter. Structural similarity (SSIM) loss is employed to preserve human silhouettes and spatial structures, complemented by mean squared error (MSE) for depth reconstruction. The proposed framework was evaluated on three benchmark datasets — UCSD Pedestrian, CUHK Avenue, and ShanghaiTech — achieving superior performance compared to baseline autoencoder and prediction models. Results demonstrate that the model effectively detects diverse anomalies such as bicycles, running, and crowd disturbances, even under challenging conditions of occlusion and illumination variation. This work underscores the importance of multimodal fusion and attention mechanisms in advancing robust surveillance anomaly detection",0,scopus_export,https://doi.org/10.5281/zenodo.19221472,false
CAND-227,GridVAD: Open-Set Video Anomaly Detection via Spatial Reasoning over Stratified Frame Grids,Mohamed Eltahir|Ahmed O. Ibrahim|Obada Siralkhatim|Tabarak Abdallah|Sondos Mohamed,arXiv (Cornell University),2026,10.48550/arxiv.2603.25467,"Vision-Language Models (VLMs) are powerful open-set reasoners, yet their direct use as anomaly detectors in video surveillance is fragile: without calibrated anomaly priors, they alternate between missed detections and hallucinated false alarms. We argue the problem is not the VLM itself but how it is used. VLMs should function as anomaly proposers, generating open-set candidate descriptions that are then grounded and tracked by purpose-built spatial and temporal modules. We instantiate this propose-ground-propagate principle in GridVAD, a training-free pipeline that produces pixel-level anomaly masks without any domain-specific training. A VLM reasons over stratified grid representations of video clips to generate natural-language anomaly proposals. Self-Consistency Consolidation (SCC) filters hallucinations by retaining only proposals that recur across multiple independent samplings. Grounding DINO anchors each surviving proposal to a bounding box, and SAM2 propagates it as a dense mask through the anomaly interval. The per-clip model budget is fixed at M+1 calls regardless of video length, where M can be set according to the proposals needed. On UCSD Ped2, GridVAD achieves the highest Pixel-AUROC (77.59) among all compared methods, surpassing even the partially fine-tuned TAO (75.11) and outperforms other zero-shot approaches on object-level RBDC by over 5x. Ablations reveal that SCC provides a controllable precision-recall tradeoff: filtering improves all pixel level metrics at a modest cost in object-level recall. Efficiency experiments show GridVAD is 2.7x more call-efficient than uniform per-frame VLM querying while additionally producing dense segmentation masks.Code and qualitative video results are available at https://gridvad.github.io.",0,scopus_export,https://doi.org/10.48550/arxiv.2603.25467,false
CAND-228,GridVAD: Open-Set Video Anomaly Detection via Spatial Reasoning over Stratified Frame Grids,Mohamed Eltahir|Ahmed O. Ibrahim|Obada Siralkhatim|Tabarak Abdallah|Sondos Mohamed,arXiv (Cornell University),2026,,"Vision-Language Models (VLMs) are powerful open-set reasoners, yet their direct use as anomaly detectors in video surveillance is fragile: without calibrated anomaly priors, they alternate between missed detections and hallucinated false alarms. We argue the problem is not the VLM itself but how it is used. VLMs should function as anomaly proposers, generating open-set candidate descriptions that are then grounded and tracked by purpose-built spatial and temporal modules. We instantiate this propose-ground-propagate principle in GridVAD, a training-free pipeline that produces pixel-level anomaly masks without any domain-specific training. A VLM reasons over stratified grid representations of video clips to generate natural-language anomaly proposals. Self-Consistency Consolidation (SCC) filters hallucinations by retaining only proposals that recur across multiple independent samplings. Grounding DINO anchors each surviving proposal to a bounding box, and SAM2 propagates it as a dense mask through the anomaly interval. The per-clip model budget is fixed at M+1 calls regardless of video length, where M can be set according to the proposals needed. On UCSD Ped2, GridVAD achieves the highest Pixel-AUROC (77.59) among all compared methods, surpassing even the partially fine-tuned TAO (75.11) and outperforms other zero-shot approaches on object-level RBDC by over 5x. Ablations reveal that SCC provides a controllable precision-recall tradeoff: filtering improves all pixel level metrics at a modest cost in object-level recall. Efficiency experiments show GridVAD is 2.7x more call-efficient than uniform per-frame VLM querying while additionally producing dense segmentation masks.Code and qualitative video results are available at https://gridvad.github.io.",0,scopus_export,,false
CAND-229,Evaluating zero-shot anomaly detection in videos using large vision-language models,Norah Alsubaie|Lama Alkhuzayem|Areej Alhothali,,2026,10.1117/12.3111524,,0,scopus_export,https://doi.org/10.1117/12.3111524,false
CAND-230,Proactive Anomaly Detection for CCTV Footage: A Systematic Literature Review,Unnati Khanapurkar,International Journal for Research in Applied Science and Engineering Technology,2026,10.22214/ijraset.2026.79308,"Automated anomaly detection in surveillance video has received considerable research attention over the past decade, yet a recurring limitation across the literature is that most systems are designed and evaluated under clean, controlled conditions. In practice, outdoor cameras routinely operate in fog, rain, low light, and snow, and very few published methods have been tested under such conditions. This survey examines twenty-one papers published between 2016 and 2024 that are relevant to detecting four specific event types: arson, physical intrusion, loitering, and abandoned objects. The papers cover a range of techniques including multiple instance learning [1], YOLO-based detection [9, 10], multi-object tracking via SORT [7] and DeepSORT [8], memory-augmented autoencoders [13], and vision-language approaches built on CLIP [2]. Our main finding is that while individual event detectors perform well on standard benchmarks, no existing system handles all four event types reliably under adverse weather. We document the specific failure modes and identify the research gaps that need to be addressed.",0,scopus_export,https://doi.org/10.22214/ijraset.2026.79308,false
CAND-231,7th International Conference on Big Data and Machine Learning (BDML 2026),Yaakoub Saadallah,Zenodo (CERN European Organization for Nuclear Research),2026,10.5281/zenodo.19593419,"7th International Conference on Big Data and Machine Learning (BDML 2026) June 27 ~ 28, 2026, Copenhagen, Denmark https://www.bdml2026.org/Scope 7th International Conference on Big Data and Machine Learning (BDML 2026) will act as a major forum for the presentation of innovative ideas, approaches, developments, and research projects in the areas of Big Data and Machine Learning. It will also serve to facilitate the exchange of information between researchers and industry professionals to discuss the latest issues and advancement in the area of Big Data and Machine Learning. Authors are solicited to contribute to the conference by submitting articles that illustrate research results, projects, surveying works and industrial experiences that describe significant advances in the areas of Big Data and Machine Learning. Topics of interest include, but are not limited to, the following Foundation Models, Generative AI and Multimodal Systems  Large Language Models (LLMs): architectures, scaling laws, training, alignment  Multimodal foundation models (vision language, audio text, video language)  Retrieval Augmented Generation (RAG) and knowledge grounded AI  Efficient fine tuning, distillation, quantization and model compression  Diffusion models and generative modeling for images, audio, video and 3D  Safety, robustness and evaluation of foundation models Machine Learning Theory, Algorithms and Optimization  Optimization methods for deep and large scale models  Representation learning and self supervised learning  Probabilistic modeling, Bayesian methods and uncertainty quantification  Meta learning, few shot learning and transfer learning  Online, continual and lifelong learning  Causal inference, causal discovery and counterfactual reasoning ML Systems, Infrastructure and Scalable Computing  Distributed training systems, parallelization strategies and scheduling  ML compilers, accelerators and hardware -software co design  Cloud native, edge and serverless ML systems  High performance computing for ML and data intensive workloads  Inference optimization, serving systems and low latency ML pipelines  Energy efficient ML, Green AI and sustainable computing Big Data Systems, Management and Engineering  Scalable data processing architectures and dataflow systems  Data engineering, pipelines, orchestration and workflow automation  Data integration, cleaning, quality and governance  Real time and streaming data analytics  Data compression, indexing and query optimization  Privacy preserving data management (DP, MPC, HE) Data Mining, Knowledge Discovery and Graph Intelligence  Large scale data mining algorithms and theory  Graph neural networks (GNNs) and graph representation learning  Knowledge graphs, reasoning and graph mining  Temporal, spatial and spatiotemporal data mining  Anomaly detection, fraud detection and rare event modeling  Recommender systems and personalization Responsible, Trustworthy and Secure AI  Explainability, interpretability and transparency in ML  Fairness, bias mitigation and ethical AI  AI governance, policy and regulatory compliance  Adversarial ML, robustness and secure model training  Privacy preserving ML (federated learning, DP, secure aggregation)  ML for cybersecurity and threat intelligence Distributed, Federated and Edge Intelligence  Federated learning algorithms, systems and applications  Collaborative and decentralized ML  Edge AI, on device learning and TinyML  6G, IoT and cyber physical systems for ML and data analytics  Resource constrained learning and communication efficient ML Autonomous Agents, RL and Decision Making  Reinforcement learning theory and applications  Multi agent systems and coordination  LLM based agents and tool using AI systems  Planning, control and sequential decision making  Simulation based learning and digital twins Scientific ML, Simulation and Domain Applications  ML for physics, chemistry, biology and materials science  Climate modeling, environmental analytics and sustainability  Healthcare analytics, medical AI and computational biology  Finance, economics and risk modeling  Smart cities, transportation and mobility analytics  Multimedia, vision, speech and natural language analytics Evaluation, Benchmarking and Data Centric AI  Dataset creation, curation and governance  Data centric AI methodologies and tooling  Benchmarking ML systems and reproducibility studies  Robust evaluation protocols for large scale models  Synthetic data generation and simulation driven datasets Paper Submission Authors are invited to submit papers through the conference Submission Systemby April 18, 2026. Submissions must be original and should not have been published previously or be under consideration for publication while being evaluated for this conference. The proceedings of the conference will be published by Computer Science Conference Proceedingsin Computer Science & Information Technology (CS & IT)(Confirmed). series Selected papers from BDML 2026, after further revisions, will be published in the special issue of the following journal.  International Journal of Data Mining & Knowledge Management Process (IJDKP) International Journal of Database Management Systems (IJDMS) Machine Learning and Applications: An International Journal (MLAIJ) Advances in Vision Computing: An International Journal (AVC) International Journal of Grid Computing & Applications (IJGCA) Information Technology in Industry (ITII)Important Dates  Submission Deadline: April 18, 2026  Authors Notification: May 23, 2026  Registration & camera - Ready Paper Due: May 30, 2026 Contact Us Here's where you can reach us : bdml@bdml2026.org(or) bdmlconfe@yahoo.com",0,scopus_export,https://doi.org/10.5281/zenodo.19593419,false
CAND-232,7th International Conference on Big Data and Machine Learning (BDML 2026),Yaakoub Saadallah,Zenodo (CERN European Organization for Nuclear Research),2026,10.5281/zenodo.19593418,"7th International Conference on Big Data and Machine Learning (BDML 2026) June 27 ~ 28, 2026, Copenhagen, Denmark https://www.bdml2026.org/Scope 7th International Conference on Big Data and Machine Learning (BDML 2026) will act as a major forum for the presentation of innovative ideas, approaches, developments, and research projects in the areas of Big Data and Machine Learning. It will also serve to facilitate the exchange of information between researchers and industry professionals to discuss the latest issues and advancement in the area of Big Data and Machine Learning. Authors are solicited to contribute to the conference by submitting articles that illustrate research results, projects, surveying works and industrial experiences that describe significant advances in the areas of Big Data and Machine Learning. Topics of interest include, but are not limited to, the following Foundation Models, Generative AI and Multimodal Systems  Large Language Models (LLMs): architectures, scaling laws, training, alignment  Multimodal foundation models (vision language, audio text, video language)  Retrieval Augmented Generation (RAG) and knowledge grounded AI  Efficient fine tuning, distillation, quantization and model compression  Diffusion models and generative modeling for images, audio, video and 3D  Safety, robustness and evaluation of foundation models Machine Learning Theory, Algorithms and Optimization  Optimization methods for deep and large scale models  Representation learning and self supervised learning  Probabilistic modeling, Bayesian methods and uncertainty quantification  Meta learning, few shot learning and transfer learning  Online, continual and lifelong learning  Causal inference, causal discovery and counterfactual reasoning ML Systems, Infrastructure and Scalable Computing  Distributed training systems, parallelization strategies and scheduling  ML compilers, accelerators and hardware -software co design  Cloud native, edge and serverless ML systems  High performance computing for ML and data intensive workloads  Inference optimization, serving systems and low latency ML pipelines  Energy efficient ML, Green AI and sustainable computing Big Data Systems, Management and Engineering  Scalable data processing architectures and dataflow systems  Data engineering, pipelines, orchestration and workflow automation  Data integration, cleaning, quality and governance  Real time and streaming data analytics  Data compression, indexing and query optimization  Privacy preserving data management (DP, MPC, HE) Data Mining, Knowledge Discovery and Graph Intelligence  Large scale data mining algorithms and theory  Graph neural networks (GNNs) and graph representation learning  Knowledge graphs, reasoning and graph mining  Temporal, spatial and spatiotemporal data mining  Anomaly detection, fraud detection and rare event modeling  Recommender systems and personalization Responsible, Trustworthy and Secure AI  Explainability, interpretability and transparency in ML  Fairness, bias mitigation and ethical AI  AI governance, policy and regulatory compliance  Adversarial ML, robustness and secure model training  Privacy preserving ML (federated learning, DP, secure aggregation)  ML for cybersecurity and threat intelligence Distributed, Federated and Edge Intelligence  Federated learning algorithms, systems and applications  Collaborative and decentralized ML  Edge AI, on device learning and TinyML  6G, IoT and cyber physical systems for ML and data analytics  Resource constrained learning and communication efficient ML Autonomous Agents, RL and Decision Making  Reinforcement learning theory and applications  Multi agent systems and coordination  LLM based agents and tool using AI systems  Planning, control and sequential decision making  Simulation based learning and digital twins Scientific ML, Simulation and Domain Applications  ML for physics, chemistry, biology and materials science  Climate modeling, environmental analytics and sustainability  Healthcare analytics, medical AI and computational biology  Finance, economics and risk modeling  Smart cities, transportation and mobility analytics  Multimedia, vision, speech and natural language analytics Evaluation, Benchmarking and Data Centric AI  Dataset creation, curation and governance  Data centric AI methodologies and tooling  Benchmarking ML systems and reproducibility studies  Robust evaluation protocols for large scale models  Synthetic data generation and simulation driven datasets Paper Submission Authors are invited to submit papers through the conference Submission Systemby April 18, 2026. Submissions must be original and should not have been published previously or be under consideration for publication while being evaluated for this conference. The proceedings of the conference will be published by Computer Science Conference Proceedingsin Computer Science & Information Technology (CS & IT)(Confirmed). series Selected papers from BDML 2026, after further revisions, will be published in the special issue of the following journal.  International Journal of Data Mining & Knowledge Management Process (IJDKP) International Journal of Database Management Systems (IJDMS) Machine Learning and Applications: An International Journal (MLAIJ) Advances in Vision Computing: An International Journal (AVC) International Journal of Grid Computing & Applications (IJGCA) Information Technology in Industry (ITII)Important Dates  Submission Deadline: April 18, 2026  Authors Notification: May 23, 2026  Registration & camera - Ready Paper Due: May 30, 2026 Contact Us Here's where you can reach us : bdml@bdml2026.org(or) bdmlconfe@yahoo.com",0,scopus_export,https://doi.org/10.5281/zenodo.19593418,false
CAND-233,Language-Guided Video Understanding with Foundation Models,Elisa Ricci,Institutional Research Information System (Università degli Studi di Trento),2026,,"Video understanding systems have achieved strong performance on controlled benchmarks, yet their deployment in real-world scenarios remains limited by assumptions about supervision, training data availability, and offline access to complete video sequences. These constraints are particularly restrictive in settings such as surveillance and procedural assistance, where data is scarce, privacy-sensitive, and decisions must be made online. Recent foundation models provide a new opportunity to rethink video understanding as a language-guided inference problem. Leveraging this shift, this thesis investigates how Vision-Language Models (VLMs) and Large Language Models (LLMs) can be used to relax key deployment constraints. The proposed methods build on frozen, language-aligned representations and increasingly shift task objectives and decision logic to inference time through natural language, rather than encoding them through task-specific training. The first contribution shows that pre-trained VLM representations can be adapted under weak supervision for video anomaly detection and recognition by exploiting the geometric structure of vision-language embeddings. The second contribution eliminates task-specific training by reformulating anomaly detection as an inference-time reasoning problem solved using LLMs. The third contribution extends this paradigm to causal, online settings by introducing a framework for video step grounding that combines Large Multimodal Models with Bayesian filtering. Finally, the thesis addresses the reliability of language model estimates over video and explores whether synthetic videos generated by text-to-video models can improve their temporal understanding without human annotation. By reducing reliance on task-specific data and offline access to complete videos, and by separately addressing the reliability of language model estimates, the proposed methods make video understanding systems more adaptable across tasks and environments and better suited to real-world deployment constraints.",0,scopus_export,,false
CAND-234,"Self-Supervised Representation Learning for Criminology: Detecting Anomalies, Classifying Reports, and Mapping Networks",Noorul Hassan S.|Sivalakshmi S.|Janani M.|Fouziya A.|Thirisha S.,Journal of Technology Informatics and Engineering,2026,10.51903/jtie.v5i1.473,"Crime analysis using various types of data, such as video surveillance, crime reports, and criminal networks, has been widely investigated in digital criminology. Most of the available data are unlabelled. In this work, we introduce a self-supervised learning framework for multimodal criminology, which enables the fully automatic learning of effective features for unlabelled video, text, and graph datasets and the completion of crime analysis tasks, including anomaly detection, crime report classification, and high-risk node prediction via contrastive learning, masked prediction, and graph self-supervised learning. The experimental results show that our SSL model learns high-quality features and achieves better performance than its supervised counterpart and baseline models. Unlike traditional deep learning-based models that require large amounts of labeled data, our proposed SSL model is label-efficient, scalable, and robust to artificial or anonymous data. Our work aims to develop an AI-based multimodal self-supervised learning approach for efficient, accurate, reliable, and safe crime analysis",0,scopus_export,https://doi.org/10.51903/jtie.v5i1.473,false
CAND-235,MemFormer: Memory-Enhanced Transformer with Multi-Task Learning for Video Anomaly Detection,Boan Chen|Peng Sun|Linxiao Gong|Jing Liu|Yang Liu,,2026,10.1109/icassp55912.2026.11461361,,0,scopus_export,https://doi.org/10.1109/icassp55912.2026.11461361,false
CAND-236,Toward Semantic-Aware Aerial Video Anomaly Detection by Exploiting Multimodal Large Language Model,Ruoheng Li|Xuhui Liu|Yutao Hu|Xi Zhu|Xianbin Cao,IEEE Transactions on Circuits and Systems for Video Technology,2026,10.1109/tcsvt.2026.3686230,,0,scopus_export,https://doi.org/10.1109/tcsvt.2026.3686230,false
CAND-237,PigACT: An audio-visual multimodal fusion framework for lactating sow behaviour recognition,Bo Li|Jiaying Zhu|Longshen Liu|Mingxia Shen,Biosystems Engineering,2026,10.1016/j.biosystemseng.2026.104464,,0,scopus_export,https://doi.org/10.1016/j.biosystemseng.2026.104464,false
CAND-238,Cross-modal attention fusion of RGB and skeleton for multimodal-driven video anomaly detection,Boan Chen|Liang Cao|Weide Liu|Jinmei Liu|Jinmei Liu|Jinmei Liu|Baoquan Zhao|Yang Liu,Pattern Recognition,2026,10.1016/j.patcog.2026.113815,,1,scopus_export,https://doi.org/10.1016/j.patcog.2026.113815,false
CAND-239,"A Dynamic Edge-Cloud Intelligence Framework for Real-Time Abnormal Activity Detection using Vision-Language Reasoning, Super-Resolution Enhancement, and Reinforcement Learning Optimisation",Gokula Krishnan R|J. Prabakaran,,2026,10.1109/icoei68323.2026.11541651,,0,scopus_export,https://doi.org/10.1109/icoei68323.2026.11541651,false
CAND-240,Proactive Anomaly Detection for CCTV Footage Analysis,Unnati Khanapurkar,International Journal for Research in Applied Science and Engineering Technology,2026,10.22214/ijraset.2026.80199,"Real-world security installations need to catch several different kinds of incidents simultaneously, yet the dominant research trend produces single-event models that are awkward to combine into one working system. Mismatched interfaces, separate calibration pipelines, and incompatible alert formats all create friction that individual benchmark papers simply do not address. PADS, the Proactive Anomaly Detection System introduced in this paper, handles four security-critical event categories inside one unified processing chain with no need for GPU hardware or domain-specific retraining. The four targets are unauthorised entry into restricted zones, prolonged presence inside monitored areas, unattended personal luggage, and fire or arson activity. Video frames are routed simultaneously to two modules: a Surveillance Module that builds and maintains stateful person tracks over time, and an Arson Module that analyses a short rolling window of recent frames for fire signatures. Tracking combines YOLOv8 detections with OSNet appearance embeddings through a two-stage matcher that uses cosine similarity in the first stage and falls back to spatial IoU in the second. A trajectory-span filter eliminates false tracklets generated by detector noise on static scene elements. For fire, the system moves away from CLIP as the sole mechanism and instead fuses HSV colour-space masking with temporal per-pixel variance to exploit the flickering property of real flames, something static orange objects cannot replicate. CLIP remains available as a secondary confidence enhancer only. Tests on ABODA abandoned-object footage, publicly sourced fire clips, and custom intrusion and loitering recordings show reliable detection across all four categories, alert latency under one second for zone events, and near-zero false alarms on footage containing orange safety gear where earlier colour-only approaches produce unacceptable error rates.",0,scopus_export,https://doi.org/10.22214/ijraset.2026.80199,false
CAND-241,Road Traffic Anomaly Detection by Human-Attention-Assisted Text–Vision Learning,Yachuang Chai|Wushouer Silamu,Sensors,2026,10.3390/s26092638,"With the rapid development of society, the number of road vehicles has increased significantly, leading to a growing severity of traffic accident issues. Timely and accurate detection of road traffic anomalies or accidents is crucial for reducing fatalities and alleviating traffic congestion. Consequently, the detection of road traffic anomalies has become a focal point of research in recent years. With the assistance of computer technologies such as deep learning, researchers have developed more accurate and effective methods for detecting road traffic anomalies. However, the small proportion of anomaly-prone areas in surveillance video frames, combined with the complex and difficult-to-capture patterns of accidents, presents new challenges for the application of deep models to traffic anomaly detection from a surveillance perspective. In light of this, this paper annotates the TADS dataset we previously proposed, a popular text-assisted video representation learning method, to develop a more efficient detection method. Utilizing the well-known video-text model CLIP, we have constructed a detection model that leverages unique text and eye-gaze annotation data from the TADS dataset to learn anomaly representations more effectively, thereby improving the detection of road traffic anomalies from a surveillance perspective. Experimental results demonstrate the superiority of our model for detecting traffic anomalies from a surveillance perspective, as well as the utility of the text and eye-gaze data included in the dataset.",0,scopus_export,https://doi.org/10.3390/s26092638,false
CAND-242,"Zoom In, Reason Out: Efficient Far-field Anomaly Detection in Expressway Surveillance Videos via Focused VLM Reasoning Guided by Bayesian Inference",Xiaowei Mao|Bowen Sui|Weijie Zhang|Yawen Yang|Shengnan Guo|Shilong Zhao|Jiaqi Lin|Tingrui Wu|Youfang Lin|Huaiyu Wa,arXiv (Cornell University),2026,10.48550/arxiv.2604.23724,"Expressway video anomaly detection is important for traffic safety, but remains challenging across diverse scenes, particularly for far-field vehicles with subtle abnormal motion. Vision-Language Models (VLMs) provide strong semantic reasoning capabilities, yet processing full frames can dilute evidence from distant targets and introduce substantial computational overhead. To address these challenges, we propose VIBES, an asynchronous framework that uses Bayesian inference to guide focused VLM reasoning. Specifically, an online kinematics-guided Bayesian inference module continuously estimates a context-dependent normal-motion distribution from vehicle trajectories and updates its probabilistic boundaries. Deviations from these boundaries produce asynchronous triggers that localize candidate anomalies in time and space. Instead of processing continuous full-frame video, the VLM reasons only over selected frames and localized visual regions associated with the triggers, reducing irrelevant visual content and unnecessary inference. Extensive experiments show that VIBES improves far-field anomaly detection and semantic interpretation while achieving real-time processing efficiency across diverse expressway conditions.",0,scopus_export,https://doi.org/10.48550/arxiv.2604.23724,false
CAND-243,"Zoom In, Reason Out: Efficient Far-field Anomaly Detection in Expressway Surveillance Videos via Focused VLM Reasoning Guided by Bayesian Inference",Xiaowei Mao|Bowen Sui|Weijie Zhang|Yawen Yang|Shengnan Guo|Shilong Zhao|Jiaqi Lin|Tingrui Wu|Youfang Lin|Huaiyu Wa,arXiv (Cornell University),2026,,"Expressway video anomaly detection is important for traffic safety, but remains challenging across diverse scenes, particularly for far-field vehicles with subtle abnormal motion. Vision-Language Models (VLMs) provide strong semantic reasoning capabilities, yet processing full frames can dilute evidence from distant targets and introduce substantial computational overhead. To address these challenges, we propose VIBES, an asynchronous framework that uses Bayesian inference to guide focused VLM reasoning. Specifically, an online kinematics-guided Bayesian inference module continuously estimates a context-dependent normal-motion distribution from vehicle trajectories and updates its probabilistic boundaries. Deviations from these boundaries produce asynchronous triggers that localize candidate anomalies in time and space. Instead of processing continuous full-frame video, the VLM reasons only over selected frames and localized visual regions associated with the triggers, reducing irrelevant visual content and unnecessary inference. Extensive experiments show that VIBES improves far-field anomaly detection and semantic interpretation while achieving real-time processing efficiency across diverse expressway conditions.",0,scopus_export,,false
CAND-244,7th International Conference on Machine Learning & Trends (MLT 2026),José Martin ''Flores Kú'',Zenodo (CERN European Organization for Nuclear Research),2026,10.5281/zenodo.19908778,"7th International Conference on Machine Learning & Trends (MLT 2026) June 20 ~ 21, 2026, Sydney, Australia https://sai2026.org/mlt/index Scope & Topics 7th International Conference on Machine Learning & Trends (MLT 2026) serves as a premier global forum for presenting and exchanging the latest advancements in Machine Learning theory, methodologies, and real world applications. As machine learning continues to shape the future of intelligent systems, scientific discovery, and industry innovation, MLT 2026 aims to bring together leading researchers, practitioners, and industry experts to explore emerging trends and transformative breakthroughs in the field. The conference provides a dynamic platform for fostering collaboration between academia and industry, encouraging the cross pollination of ideas that drive the next generation of machine learning technologies. Participants will have the opportunity to engage with cutting edge research, discuss open challenges, and identify new directions that will influence the evolution of ML in the years ahead. Authors are invited to contribute high quality submissions that showcase original research results, innovative projects, comprehensive surveys, and industrial case studies demonstrating significant progress in machine learning and its rapidly expanding ecosystem. Contributions may address, but are not limited to, the broad range of topics outlined below. Topics of interest include, but are not limited to, the following Machine Learning Foundations  Supervised, Unsupervised and Semi Supervised Learning  Reinforcement Learning and Sequential Decision Making  Probabilistic Modeling and Bayesian Machine Learning  Optimization Methods for Machine Learning  Learning Theory, Generalization and Sample Efficiency  Representation Learning and Feature Learning Deep Learning and Neural Architectures  Deep Neural Networks and Training Dynamics  Transformers and Attention Based Models  Graph Neural Networks (GNNs) and Graph Transformers  Self Supervised and Contrastive Learning  Neural Architecture Search (NAS)  Foundation Models and Large Scale Pretraining Generative Models and Synthetic Data  Diffusion Models and Score Based Generative Models  Generative Adversarial Networks (GANs)  Synthetic Data Generation and Data Centric AI  Generative Modeling for Images, Text, Audio, Video and Multimodal Data Advanced Learning Paradigms  Meta Learning and Few Shot Learning  Continual, Lifelong and Online Learning  Multi Task and Transfer Learning  Active Learning and Curriculum Learning  Federated, Distributed and Collaborative Learning Causal and Explainable Machine Learning  Causal Inference and Causal Discovery  Causal Representation Learning  Counterfactual Reasoning  Explainable and Interpretable Machine Learning Time Series, Forecasting and Sequential Modeling  Deep Learning for Time Series Forecasting  Streaming Data and Online Prediction  Event Based and Temporal Modeling  Sequential and Structured Data Analysis Scientific Machine Learning (SciML)  Neural Differential Equations  ML for Physics, Chemistry, Biology and Engineering  ML for Scientific Discovery, Simulation and Surrogate Modeling  Physics Informed Machine Learning ML Security, Safety and Robustness  Adversarial Attacks and Defenses  Model Extraction, Poisoning and Evasion Attacks  Secure and Trustworthy ML Pipelines  Safety, Reliability and Risk Aware ML  ML for Safety Critical Systems (healthcare, aviation, autonomous driving) Scalable, Efficient and Systems Level ML  Efficient Training: Compression, Pruning, Quantization  Large Scale ML Systems and Distributed Training  Hardware Aware ML (GPUs, TPUs, Edge Devices)  Energy Efficient and Sustainable ML  Real Time ML, Edge ML and TinyML Robotics, Embodied AI and Control  Robot Learning and Policy Optimization  Embodied Agents and Perception Action Loops  Sim to Real Transfer  Learning for Autonomous Systems ML for Code, Software Engineering and Program Synthesis  Code Generation and Repair  Program Synthesis and Verification  ML Assisted Software Development  Multimodal Code Understanding Multimodal Learning, Vision and Perception  Computer Vision and Visual Recognition  Vision Language Models and Multimodal Fusion  3D Vision, Scene Understanding and Embodied Perception  Audio, Speech and Sensor Based Learning Differentiable Programming and Implicit Models  Differentiable Optimization Layers  Implicit Neural Representations and Equilibrium Models  Differentiable Physics and Simulation  End to End Differentiable Pipelines Agentic AI and Autonomous ML Systems  Autonomous ML Agents and Tool Using Systems  Multi Agent Learning, Cooperation and Negotiation  Planning + Reasoning + Acting Loops  Agentic Evaluation and Safety Frameworks Quantum Machine Learning  Quantum Inspired ML Algorithms  Hybrid Quantum Classical Models  Quantum Optimization and Simulation ML for Biology, Medicine and Synthetic Bio Design  Protein and Molecule Design with ML  DNA/RNA Sequence Modeling  ML for Gene Editing and Synthetic Biology  Biological Foundation Models ML for Economics, Markets and Mechanism Design  Market Simulation and Prediction  Mechanism Design and Auctions  Game Theoretic Machine Learning  ML for Economic Forecasting ML for Infrastructure, Networking and Systems Optimization  ML for Cloud and Distributed Systems  ML for Networking, Routing and Traffic Optimization  ML for Resource Allocation and Scheduling Geospatial, Earth Observation and Climate ML  Satellite Imagery and Remote Sensing ML  Geospatial Forecasting and Mapping  Climate Modeling and Environmental ML Data Mining, Knowledge Discovery and Predictive Analytics  Pattern Mining and Anomaly Detection  Predictive Modeling and Forecasting  Large Scale Data Mining and Big Data Analytics  Knowledge Discovery in Databases (KDD) Applied Machine Learning Across Domains  Healthcare, Bioinformatics and Drug Discovery  Finance, Economics and Risk Modeling  Cybersecurity and Threat Detection  Social Media, Behavior Modeling and Misinformation  Education, Personalization and Learning Analytics  Industrial Systems, IoT and Smart Manufacturing Evaluation, Benchmarking and Reproducibility  ML Evaluation Metrics and Benchmark Design  Reproducibility, Transparency and Open Science  Dataset Governance, Quality and Bias Detection  Model Auditing and Performance Diagnostics AI Governance, Ethics and Societal Impact  Fairness, Bias and Ethical AI  AI Governance, Regulation and Policy Frameworks  Societal Impact and Responsible Deployment  Human Centered and Human AI Collaborative Systems Paper Submission Authors are invited to submit papers through the conference Submission System by May 02, 2026. Submissions must be original and should not have been published previously or be under consideration for publication while being evaluated for this conference. The proceedings of the conference will be published by Computer Science Conference Proceedings (H index 46) in Computer Science & Information Technology (CS & IT) series (Confirmed). Selected papers from MLT 2026, after further revisions, will be published in the special issues of the following journals.  Machine Learning and Applications: An International Journal (MLAIJ)  International Journal of Artificial Intelligence & Applications (IJAIA) Important Dates  Submission Deadline: May 02, 2026  Authors Notification: May 23, 2026  Registration & Camera-Ready Paper Due: May 30, 2026 Contact Us Here's where you can reach us: mlt@sai2026.org (or) mltconfere@yahoo.com For more details, please visit: https://sai2026.org/mlt/index Paper Submission Link: https://icaita2026.org/submission/index.php",0,scopus_export,https://doi.org/10.5281/zenodo.19908778,false
CAND-245,7th International Conference on Machine Learning & Trends (MLT 2026),José Martin ''Flores Kú'',Zenodo (CERN European Organization for Nuclear Research),2026,10.5281/zenodo.19908777,"7th International Conference on Machine Learning & Trends (MLT 2026) June 20 ~ 21, 2026, Sydney, Australia https://sai2026.org/mlt/index Scope & Topics 7th International Conference on Machine Learning & Trends (MLT 2026) serves as a premier global forum for presenting and exchanging the latest advancements in Machine Learning theory, methodologies, and real world applications. As machine learning continues to shape the future of intelligent systems, scientific discovery, and industry innovation, MLT 2026 aims to bring together leading researchers, practitioners, and industry experts to explore emerging trends and transformative breakthroughs in the field. The conference provides a dynamic platform for fostering collaboration between academia and industry, encouraging the cross pollination of ideas that drive the next generation of machine learning technologies. Participants will have the opportunity to engage with cutting edge research, discuss open challenges, and identify new directions that will influence the evolution of ML in the years ahead. Authors are invited to contribute high quality submissions that showcase original research results, innovative projects, comprehensive surveys, and industrial case studies demonstrating significant progress in machine learning and its rapidly expanding ecosystem. Contributions may address, but are not limited to, the broad range of topics outlined below. Topics of interest include, but are not limited to, the following Machine Learning Foundations  Supervised, Unsupervised and Semi Supervised Learning  Reinforcement Learning and Sequential Decision Making  Probabilistic Modeling and Bayesian Machine Learning  Optimization Methods for Machine Learning  Learning Theory, Generalization and Sample Efficiency  Representation Learning and Feature Learning Deep Learning and Neural Architectures  Deep Neural Networks and Training Dynamics  Transformers and Attention Based Models  Graph Neural Networks (GNNs) and Graph Transformers  Self Supervised and Contrastive Learning  Neural Architecture Search (NAS)  Foundation Models and Large Scale Pretraining Generative Models and Synthetic Data  Diffusion Models and Score Based Generative Models  Generative Adversarial Networks (GANs)  Synthetic Data Generation and Data Centric AI  Generative Modeling for Images, Text, Audio, Video and Multimodal Data Advanced Learning Paradigms  Meta Learning and Few Shot Learning  Continual, Lifelong and Online Learning  Multi Task and Transfer Learning  Active Learning and Curriculum Learning  Federated, Distributed and Collaborative Learning Causal and Explainable Machine Learning  Causal Inference and Causal Discovery  Causal Representation Learning  Counterfactual Reasoning  Explainable and Interpretable Machine Learning Time Series, Forecasting and Sequential Modeling  Deep Learning for Time Series Forecasting  Streaming Data and Online Prediction  Event Based and Temporal Modeling  Sequential and Structured Data Analysis Scientific Machine Learning (SciML)  Neural Differential Equations  ML for Physics, Chemistry, Biology and Engineering  ML for Scientific Discovery, Simulation and Surrogate Modeling  Physics Informed Machine Learning ML Security, Safety and Robustness  Adversarial Attacks and Defenses  Model Extraction, Poisoning and Evasion Attacks  Secure and Trustworthy ML Pipelines  Safety, Reliability and Risk Aware ML  ML for Safety Critical Systems (healthcare, aviation, autonomous driving) Scalable, Efficient and Systems Level ML  Efficient Training: Compression, Pruning, Quantization  Large Scale ML Systems and Distributed Training  Hardware Aware ML (GPUs, TPUs, Edge Devices)  Energy Efficient and Sustainable ML  Real Time ML, Edge ML and TinyML Robotics, Embodied AI and Control  Robot Learning and Policy Optimization  Embodied Agents and Perception Action Loops  Sim to Real Transfer  Learning for Autonomous Systems ML for Code, Software Engineering and Program Synthesis  Code Generation and Repair  Program Synthesis and Verification  ML Assisted Software Development  Multimodal Code Understanding Multimodal Learning, Vision and Perception  Computer Vision and Visual Recognition  Vision Language Models and Multimodal Fusion  3D Vision, Scene Understanding and Embodied Perception  Audio, Speech and Sensor Based Learning Differentiable Programming and Implicit Models  Differentiable Optimization Layers  Implicit Neural Representations and Equilibrium Models  Differentiable Physics and Simulation  End to End Differentiable Pipelines Agentic AI and Autonomous ML Systems  Autonomous ML Agents and Tool Using Systems  Multi Agent Learning, Cooperation and Negotiation  Planning + Reasoning + Acting Loops  Agentic Evaluation and Safety Frameworks Quantum Machine Learning  Quantum Inspired ML Algorithms  Hybrid Quantum Classical Models  Quantum Optimization and Simulation ML for Biology, Medicine and Synthetic Bio Design  Protein and Molecule Design with ML  DNA/RNA Sequence Modeling  ML for Gene Editing and Synthetic Biology  Biological Foundation Models ML for Economics, Markets and Mechanism Design  Market Simulation and Prediction  Mechanism Design and Auctions  Game Theoretic Machine Learning  ML for Economic Forecasting ML for Infrastructure, Networking and Systems Optimization  ML for Cloud and Distributed Systems  ML for Networking, Routing and Traffic Optimization  ML for Resource Allocation and Scheduling Geospatial, Earth Observation and Climate ML  Satellite Imagery and Remote Sensing ML  Geospatial Forecasting and Mapping  Climate Modeling and Environmental ML Data Mining, Knowledge Discovery and Predictive Analytics  Pattern Mining and Anomaly Detection  Predictive Modeling and Forecasting  Large Scale Data Mining and Big Data Analytics  Knowledge Discovery in Databases (KDD) Applied Machine Learning Across Domains  Healthcare, Bioinformatics and Drug Discovery  Finance, Economics and Risk Modeling  Cybersecurity and Threat Detection  Social Media, Behavior Modeling and Misinformation  Education, Personalization and Learning Analytics  Industrial Systems, IoT and Smart Manufacturing Evaluation, Benchmarking and Reproducibility  ML Evaluation Metrics and Benchmark Design  Reproducibility, Transparency and Open Science  Dataset Governance, Quality and Bias Detection  Model Auditing and Performance Diagnostics AI Governance, Ethics and Societal Impact  Fairness, Bias and Ethical AI  AI Governance, Regulation and Policy Frameworks  Societal Impact and Responsible Deployment  Human Centered and Human AI Collaborative Systems Paper Submission Authors are invited to submit papers through the conference Submission System by May 02, 2026. Submissions must be original and should not have been published previously or be under consideration for publication while being evaluated for this conference. The proceedings of the conference will be published by Computer Science Conference Proceedings (H index 46) in Computer Science & Information Technology (CS & IT) series (Confirmed). Selected papers from MLT 2026, after further revisions, will be published in the special issues of the following journals.  Machine Learning and Applications: An International Journal (MLAIJ)  International Journal of Artificial Intelligence & Applications (IJAIA) Important Dates  Submission Deadline: May 02, 2026  Authors Notification: May 23, 2026  Registration & Camera-Ready Paper Due: May 30, 2026 Contact Us Here's where you can reach us: mlt@sai2026.org (or) mltconfere@yahoo.com For more details, please visit: https://sai2026.org/mlt/index Paper Submission Link: https://icaita2026.org/submission/index.php",0,scopus_export,https://doi.org/10.5281/zenodo.19908777,false
CAND-246,Action hints: Semantic typicality and context uniqueness for generalizable skeleton-based video anomaly detection,Canhui Tang|Sanping Zhou|Haoyue Shi|Le Wang,Pattern Recognition,2026,10.1016/j.patcog.2026.113898,,0,scopus_export,https://doi.org/10.1016/j.patcog.2026.113898,false
CAND-247,RAG4VAD: A training-free retrieval-augmented generation framework for explainable video anomaly detection,Qiyue Sun|Yang Yang|Yunxia Liu|Hongjun Wang,Information Sciences,2026,10.1016/j.ins.2026.123589,,2,scopus_export,https://doi.org/10.1016/j.ins.2026.123589,false
CAND-248,SphereVAD: Training-Free Video Anomaly Detection via Geodesic Inference on the Unit Hypersphere,Chao Huang|Penfei Wei|Wei Wang|Jie Wen|Zhihua Wang|Li Shen|Wenqi Ren|Xiaochun Cao,arXiv (Cornell University),2026,10.48550/arxiv.2605.08003,"Video anomaly detection (VAD) aims to automatically identify events that deviate from normal patterns in untrimmed surveillance videos. Existing methods universally depend on large-scale annotations or task-specific training procedures, severely limiting their rapid deployment to novel scenes. We observe that intermediate-layer features of pre-trained multimodal large language models (MLLMs) already encode rich anomaly semantics, yet existing approaches rely on the language output pathway and fail to exploit the geometric discriminability latent in these representations. Based on this finding, we propose SphereVAD, a fully training-free, zero-shot VAD framework that recasts anomaly discrimination as von Mises-Fisher (vMF) likelihood-ratio geodesic inference on the unit hypersphere, unleashing latent discriminability through principled geometric reasoning rather than learning new representations. Specifically, SphereVAD first applies Frechet mean centering to unfold feature distributions and eliminate domain biases, then employs Holistic Scene Attention (HSA) to reinforce feature consistency using cross-video priors, and finally performs vMF-guided Spherical Geodesic Pulling (SGP) to align ambiguous segments with directional prototypes on the spherical manifold. This training-free pipeline requires only minimal synthetic images for calibration. SphereVAD establishes new state-of-the-art results among training-free approaches on three major benchmarks and remains competitive with fully supervised baselines. Code will be available upon acceptance.",0,scopus_export,https://doi.org/10.48550/arxiv.2605.08003,false
CAND-249,SphereVAD: Training-Free Video Anomaly Detection via Geodesic Inference on the Unit Hypersphere,Chao Huang|Penfei Wei|Wei Wang|Jie Wen|Zhihua Wang|Li Shen|Wenqi Ren|Xiaochun Cao,arXiv (Cornell University),2026,,"Video anomaly detection (VAD) aims to automatically identify events that deviate from normal patterns in untrimmed surveillance videos. Existing methods universally depend on large-scale annotations or task-specific training procedures, severely limiting their rapid deployment to novel scenes. We observe that intermediate-layer features of pre-trained multimodal large language models (MLLMs) already encode rich anomaly semantics, yet existing approaches rely on the language output pathway and fail to exploit the geometric discriminability latent in these representations. Based on this finding, we propose SphereVAD, a fully training-free, zero-shot VAD framework that recasts anomaly discrimination as von Mises-Fisher (vMF) likelihood-ratio geodesic inference on the unit hypersphere, unleashing latent discriminability through principled geometric reasoning rather than learning new representations. Specifically, SphereVAD first applies Frechet mean centering to unfold feature distributions and eliminate domain biases, then employs Holistic Scene Attention (HSA) to reinforce feature consistency using cross-video priors, and finally performs vMF-guided Spherical Geodesic Pulling (SGP) to align ambiguous segments with directional prototypes on the spherical manifold. This training-free pipeline requires only minimal synthetic images for calibration. SphereVAD establishes new state-of-the-art results among training-free approaches on three major benchmarks and remains competitive with fully supervised baselines. Code will be available upon acceptance.",0,scopus_export,,false
CAND-250,MMVIAD: Multi-view Multi-task Video Understanding for Industrial Anomaly Detection,Xiran Zhao|Jing Jin|Yan Bai|Zhongan Wang|Yifeng Sun|Yihang Lou|Xuanyu Zhu|Tao Feng|Yingna Wu,arXiv (Cornell University),2026,10.48550/arxiv.2605.10833,"Industrial anomaly detection is critical for manufacturing quality control, yet existing datasets mainly focus on static images or sparse views, which do not fully reflect continuous inspection processes in real industrial scenarios. We introduce MMVIAD (Multi-view Multi-task Video Industrial Anomaly Detection), to the best of our knowledge the first continuous multi-view video dataset for industrial anomaly detection and understanding, together with a benchmark for multi-task evaluation. MMVIAD contains object-centric 2-second inspection clips with approximately 120 degrees of camera motion, covering 48 object categories, 14 environments, and 6 structural anomaly types. It supports anomaly detection, defect classification, object classification, and anomaly visible-time localization. Systematic evaluations on MMVIAD show that current commercial and open-source video MLLMs remain far below human performance, especially for fine-grained defect recognition and temporal grounding. To improve transferable anomaly understanding, we further develop a two-stage post-training pipeline where PS-SFT (Perception-Structured Supervised Fine-Tuning) initializes perception-structured reasoning and VISTA-GRPO (Visibility-grounded Industrial Structured Temporal Anomaly Group Relative Policy Optimization) refines the model with semantic-gated defect reward and visibility-aware temporal reward, producing the final model VISTA. On MMVIAD-Unseen, VISTA improves the base model's average score across the four tasks from 45.0 to 57.5, surpassing GPT-5.4. Source code is available at https://github.com/Georgekeepmoving/MMVIAD.",0,scopus_export,https://doi.org/10.48550/arxiv.2605.10833,false
CAND-251,MMVIAD: Multi-view Multi-task Video Understanding for Industrial Anomaly Detection,Xiran Zhao|Jing Jin|Yan Bai|Zhongan Wang|Yifeng Sun|Yihang Lou|Xuanyu Zhu|Tao Feng|Yingna Wu,arXiv (Cornell University),2026,,"Industrial anomaly detection is critical for manufacturing quality control, yet existing datasets mainly focus on static images or sparse views, which do not fully reflect continuous inspection processes in real industrial scenarios. We introduce MMVIAD (Multi-view Multi-task Video Industrial Anomaly Detection), to the best of our knowledge the first continuous multi-view video dataset for industrial anomaly detection and understanding, together with a benchmark for multi-task evaluation. MMVIAD contains object-centric 2-second inspection clips with approximately 120 degrees of camera motion, covering 48 object categories, 14 environments, and 6 structural anomaly types. It supports anomaly detection, defect classification, object classification, and anomaly visible-time localization. Systematic evaluations on MMVIAD show that current commercial and open-source video MLLMs remain far below human performance, especially for fine-grained defect recognition and temporal grounding. To improve transferable anomaly understanding, we further develop a two-stage post-training pipeline where PS-SFT (Perception-Structured Supervised Fine-Tuning) initializes perception-structured reasoning and VISTA-GRPO (Visibility-grounded Industrial Structured Temporal Anomaly Group Relative Policy Optimization) refines the model with semantic-gated defect reward and visibility-aware temporal reward, producing the final model VISTA. On MMVIAD-Unseen, VISTA improves the base model's average score across the four tasks from 45.0 to 57.5, surpassing GPT-5.4. Source code is available at https://github.com/Georgekeepmoving/MMVIAD.",0,scopus_export,,false
CAND-252,Tri-modal video anomaly detection via hierarchical contrastive calibration,Maowen Zhou|Erma Rahayu Mohd Faizal Abdullah|Aznul Qalid Md Sabri|Susanto Rahardja,Array,2026,10.1016/j.array.2026.100884,"Video anomaly detection in unconstrained surveillance environments remains challenging due to three intertwined issues: (i) modality imbalance among RGB, optical flow, and audio streams, (ii) cross-source asynchrony that disrupts segment-level correspondence, and (iii) weak supervision where only video-level labels are provided, making reliable evidence attribution difficult. To tackle these problems in a unified manner, we introduce HCC-VAD ( H ierarchical C ontrastive C alibration for V ideo A nomaly D etection), we first employ a progressive convolutional interaction aggregator that hierarchically compresses and mixes multimodal features, balancing information flow while reducing redundancy and training instability. These three levels are complementary: temporal consistency stabilizes each stream locally, neighborhood agreement preserves cross-modal semantic coherence under loose synchronization, and normal/abnormal separation improves the global discriminability of anomaly evidence. On top of this, a lightweight high-order interaction fusion head models multiplicative tri-modal co-occurrence patterns, amplifying audio–visual anomalies such as collisions, fights, and explosions. The additional calibration and fusion components are lightweight in practice because they operate on compact clip-level embeddings rather than dense raw features, introducing only modest training and inference overhead.",0,scopus_export,https://doi.org/10.1016/j.array.2026.100884,false
CAND-253,Advancing Academic Integrity Through Intelligent Examination Oversight: A Comprehensive Framework Leveraging Deep Learning and Computer Vision for Next-Generation Automated Proctoring,Shruthi S V|H. K. Chethan,Zenodo (CERN European Organization for Nuclear Research),2026,10.5281/zenodo.20204174,"Abstract The shift toward remote assessment has necessitated the development of Intelligent Exam Supervision (IES), a ""smart proctoring"" framework designed to maintain academic integrity through scalable machine learning (ML) architectures. Part I of this analysis establishes the theoretical foundation of IES, contrasting it with traditional human-led supervision and highlighting the economic efficiency gained by replacing high-labor monitoring with automated ML systems. Part II explores the core technological engine, which relies on a multimodal data pipeline to fuse disparate streams—such as high-resolution video biometrics for gaze tracking, acoustic forensics for speech detection, and keystroke dynamics—using sophisticated models like Temporal Convolutional Networks (TCNs) and Cross-Attention Transformers to ensure high-fidelity, real-time edge processing.In Part III, the focus shifts to the mathematical foundations of anomaly detection, employing statistical tools like Mahalanobis distance for outlier detection, Isolation Forest entropy reduction, and the Sequential Probability Ratio Test (SPRT) to provide a formal framework for identifying misconduct:Part IV addresses the critical socio-technical domains of ethics and legal compliance, analyzing global regulations like GDPR and CCPA while championing the use of Adversarial Debiasing and Explainable AI (XAI) tools like SHAP and LIME to create transparent, justifiable audit trails.The final segments of the monograph address security and implementation, with Part V detailing defenses against Adversarial Machine Learning using Generative Adversarial Networks (GANs) for system hardening, and Part VI outlining a global cloud/edge infrastructure utilizing microservices and real-time stream processing via Kafka and Flink. Part VII concludes by examining the psychological impact of surveillance on students, advocating for a Human-in-the-Loop (HITL) architecture where technological innovation is balanced with pedagogical necessity and the security of Post-Quantum Cryptography, ultimately ensuring that ethical governance remains at the heart of digital academic assessment. Keywords: Anomaly Detection, Deep Learning, Multimodal Fusion, Keystroke Dynamics, Reinforcement Learning (RL) 1.Background, Obstacles, And Financial Catalysts 1.1 The Paradigm Shift in Assessment Security The rapid digital transformation of the educational sector, catalyzed by the global events following 2020, has fundamentally reshaped the architecture of high-stakes assessments. While traditional in-person examinations benefited from inherent security measures like physical surveillance and controlled environments—which depended entirely on the co-location of students and supervisors—the shift to remote, asynchronous testing has dismantled these physical barriers. This transition, while significantly expanding accessibility, has introduced new and complex vulnerabilities for academic misconduct. Consequently, the primary objective is no longer simply to mimic the security of a physical classroom; rather, it is to engineer a scalable and verifiable digital ecosystem that balances rigorous integrity with student privacy across a vast array of global hardware and network infrastructures. Intelligent Exam Supervision (IES) represents a fundamental paradigm shift in academic security, transcending the role of a mere digital proxy for human proctors to become a sophisticated, autonomous oversight solution. By harnessing the computational efficiency of artificial intelligence, these systems provide a level of continuous, objective, and scalable monitoring that human supervisors—limited by fatigue, inconsistency, and inherent cognitive biases—simply cannot match. This technological adoption has followed a classic sigmoid trajectory; initial institutional hesitation has evolved into broad systemic acceptance, necessitated by the urgent requirement to protect the integrity of certifications and degrees within an increasingly decentralized educational landscape. Beyond its primary security function, IES serves as a powerful analytical tool, yielding granular insights into student engagement and behavioral metrics that allow educators to refine pedagogical strategies and improve learning outcomes well beyond the conclusion of the assessment. 1.2 Conceptualizing the Vulnerability Framework in Remote Testing Because the threat landscape in remote testing environments is inherently multifaceted and intricate, an effective Intelligent Examination System (IES) must adopt a multimodal detection strategy. Contemporary academic dishonesty rarely manifests as an isolated incident; rather, it typically involves the synchronized deployment of various external aids and sophisticated tactics. To address this, the IES must be capable of identifying cross-modal correlations among concurrent irregularities captured across diverse sensor streams, transforming fragmented data into a cohesive and accurate assessment of exam integrity. Identity Fraud (Impersonation): A student uses a stand-in to take the exam. This requires robust initial and continuous biometric verification (Liveness Detection, Facial Recognition) against the registered identity template. This is a crucial defense against large-scale contract cheating operations, where professional exam takers are hired globally. Advanced impersonation includes using high-resolution video injection or deepfake technologies to spoof the camera feed, necessitating texture and micro-movement analysis (rPPG). Unauthorized Resource Use (Digital): Accessing prohibited websites, documents, virtual machines, or communication channels. This is detected via browser lockdown, system forensics, and I/O monitoring. Advanced threats involve kernel-level exploits, manipulation of system clock synchronization, or running proctoring software inside a sandboxed environment where its access to system processes is restricted. Detection is shifting from basic process monitoring to advanced analysis of memory allocation and inter-process communication patterns. Unauthorized Resource Use (Physical): Using physical notes, textbooks, unauthorized objects (e.g., smartwatches, hidden earpieces), or communicating with a second person (The ""Ghost""). This is the primary domain of Computer Vision and Audio Forensics, often involving complex occlusion and camouflage tactics (e.g., placing notes beneath a water bottle or using reflective surfaces). Detection requires sophisticated spatio-temporal action recognition and audio source localization to distinguish valid environmental noise from whispered communication. Sophisticated Evasion (Adversarial Attacks): Attempts to mislead or bypass the proctoring software (e.g., using printed photographs to spoof liveness, running proctoring software inside a sandboxed environment, generating ""noise"" to confuse audio diarization, or using adversarial patches to render the student invisible to the face detector). This requires advanced deep learning models and system virtualization detection, pushing the IES field into the domain of adversarial machine learning and requiring proactive defensive training (Part V). Data Tampering and System Manipulation: This involves compromising the client-side proctoring application itself to falsify log data, prevent data transmission, or intercept/modify exam questions. Robust IES architectures counter this with cryptographic hashing of application binaries, secure boot processes, and immutable audit trails recorded on a blockchain ledger. 1.3 Cost-Efficiency Models and Deployment at Scale The economic feasibility of global e-learning hinges on automated proctoring. Without a scalable, trustworthy system, the value proposition of mass online certification and degrees is severely degraded, impacting tuition revenue and institutional reputation. 1.3.1 Cost-Benefit Analysis Factor Traditional Human Proctoring Automated IES Economic/Strategic Implication Marginal Cost per Exam High (>10 USD/hour, fixed labor cost). Very Low (Fixed software/compute cost, amortization over millions of users). Scalability and global expansion is cost-effective. Drives MOOC monetization. Scalability Linear growth; constrained by labor pool and time zones. Exponential growth; constrained only by cloud compute capacity and licensing. Enables MOOCs and large-scale certification programs with immediate global deployment. Consistency/Objectivity Low; subject to human fatigue, inter-rater variability, and subjective bias. High; based on pre-defined, measurable feature vectors and risk thresholds with auditable logs. Reduced legal exposure from inconsistent disciplinary action and ensures standardized application of rules. Latency of Flagging High (lag between incident and human recognition, sometimes hours/days post-exam). Low (sub-200ms real-time risk score generation at the edge). Enables non-punitive, real-time intervention and adaptive test modifications. 1.3.2 Prototyping Governance: The Sandbox Approach To accelerate adoption while mitigating risk, institutions and regulatory bodies are exploring ""regulatory sandboxes."" These are controlled environments where new IES technologies, particularly those involving advanced XAI or RL, can be piloted with smaller, consenting student groups under relaxed policy constraints. This allows for rigorous testing of bias mitigation and False Positive Rate (FPR) reduction strategies before full production rollout, providing a structured pathway for innovation and legal compliance. The sandbox model encourages iterative deployment, allowing stakeholders (students, faculty, legal teams) to provide continuous feedback on usability and fairness metrics. In practice, a regulatory sandbox often involves a tiered deployment strategy: Tier 1 (Low-stakes quizzes) uses the basic ML model with XAI for auditing only; T",0,scopus_export,https://doi.org/10.5281/zenodo.20204174,false
CAND-254,Advancing Academic Integrity Through Intelligent Examination Oversight: A Comprehensive Framework Leveraging Deep Learning and Computer Vision for Next-Generation Automated Proctoring,Shruthi S V|H. K. Chethan,Zenodo (CERN European Organization for Nuclear Research),2026,10.5281/zenodo.20204173,"Abstract The shift toward remote assessment has necessitated the development of Intelligent Exam Supervision (IES), a ""smart proctoring"" framework designed to maintain academic integrity through scalable machine learning (ML) architectures. Part I of this analysis establishes the theoretical foundation of IES, contrasting it with traditional human-led supervision and highlighting the economic efficiency gained by replacing high-labor monitoring with automated ML systems. Part II explores the core technological engine, which relies on a multimodal data pipeline to fuse disparate streams—such as high-resolution video biometrics for gaze tracking, acoustic forensics for speech detection, and keystroke dynamics—using sophisticated models like Temporal Convolutional Networks (TCNs) and Cross-Attention Transformers to ensure high-fidelity, real-time edge processing.In Part III, the focus shifts to the mathematical foundations of anomaly detection, employing statistical tools like Mahalanobis distance for outlier detection, Isolation Forest entropy reduction, and the Sequential Probability Ratio Test (SPRT) to provide a formal framework for identifying misconduct:Part IV addresses the critical socio-technical domains of ethics and legal compliance, analyzing global regulations like GDPR and CCPA while championing the use of Adversarial Debiasing and Explainable AI (XAI) tools like SHAP and LIME to create transparent, justifiable audit trails.The final segments of the monograph address security and implementation, with Part V detailing defenses against Adversarial Machine Learning using Generative Adversarial Networks (GANs) for system hardening, and Part VI outlining a global cloud/edge infrastructure utilizing microservices and real-time stream processing via Kafka and Flink. Part VII concludes by examining the psychological impact of surveillance on students, advocating for a Human-in-the-Loop (HITL) architecture where technological innovation is balanced with pedagogical necessity and the security of Post-Quantum Cryptography, ultimately ensuring that ethical governance remains at the heart of digital academic assessment. Keywords: Anomaly Detection, Deep Learning, Multimodal Fusion, Keystroke Dynamics, Reinforcement Learning (RL) 1.Background, Obstacles, And Financial Catalysts 1.1 The Paradigm Shift in Assessment Security The rapid digital transformation of the educational sector, catalyzed by the global events following 2020, has fundamentally reshaped the architecture of high-stakes assessments. While traditional in-person examinations benefited from inherent security measures like physical surveillance and controlled environments—which depended entirely on the co-location of students and supervisors—the shift to remote, asynchronous testing has dismantled these physical barriers. This transition, while significantly expanding accessibility, has introduced new and complex vulnerabilities for academic misconduct. Consequently, the primary objective is no longer simply to mimic the security of a physical classroom; rather, it is to engineer a scalable and verifiable digital ecosystem that balances rigorous integrity with student privacy across a vast array of global hardware and network infrastructures. Intelligent Exam Supervision (IES) represents a fundamental paradigm shift in academic security, transcending the role of a mere digital proxy for human proctors to become a sophisticated, autonomous oversight solution. By harnessing the computational efficiency of artificial intelligence, these systems provide a level of continuous, objective, and scalable monitoring that human supervisors—limited by fatigue, inconsistency, and inherent cognitive biases—simply cannot match. This technological adoption has followed a classic sigmoid trajectory; initial institutional hesitation has evolved into broad systemic acceptance, necessitated by the urgent requirement to protect the integrity of certifications and degrees within an increasingly decentralized educational landscape. Beyond its primary security function, IES serves as a powerful analytical tool, yielding granular insights into student engagement and behavioral metrics that allow educators to refine pedagogical strategies and improve learning outcomes well beyond the conclusion of the assessment. 1.2 Conceptualizing the Vulnerability Framework in Remote Testing Because the threat landscape in remote testing environments is inherently multifaceted and intricate, an effective Intelligent Examination System (IES) must adopt a multimodal detection strategy. Contemporary academic dishonesty rarely manifests as an isolated incident; rather, it typically involves the synchronized deployment of various external aids and sophisticated tactics. To address this, the IES must be capable of identifying cross-modal correlations among concurrent irregularities captured across diverse sensor streams, transforming fragmented data into a cohesive and accurate assessment of exam integrity. Identity Fraud (Impersonation): A student uses a stand-in to take the exam. This requires robust initial and continuous biometric verification (Liveness Detection, Facial Recognition) against the registered identity template. This is a crucial defense against large-scale contract cheating operations, where professional exam takers are hired globally. Advanced impersonation includes using high-resolution video injection or deepfake technologies to spoof the camera feed, necessitating texture and micro-movement analysis (rPPG). Unauthorized Resource Use (Digital): Accessing prohibited websites, documents, virtual machines, or communication channels. This is detected via browser lockdown, system forensics, and I/O monitoring. Advanced threats involve kernel-level exploits, manipulation of system clock synchronization, or running proctoring software inside a sandboxed environment where its access to system processes is restricted. Detection is shifting from basic process monitoring to advanced analysis of memory allocation and inter-process communication patterns. Unauthorized Resource Use (Physical): Using physical notes, textbooks, unauthorized objects (e.g., smartwatches, hidden earpieces), or communicating with a second person (The ""Ghost""). This is the primary domain of Computer Vision and Audio Forensics, often involving complex occlusion and camouflage tactics (e.g., placing notes beneath a water bottle or using reflective surfaces). Detection requires sophisticated spatio-temporal action recognition and audio source localization to distinguish valid environmental noise from whispered communication. Sophisticated Evasion (Adversarial Attacks): Attempts to mislead or bypass the proctoring software (e.g., using printed photographs to spoof liveness, running proctoring software inside a sandboxed environment, generating ""noise"" to confuse audio diarization, or using adversarial patches to render the student invisible to the face detector). This requires advanced deep learning models and system virtualization detection, pushing the IES field into the domain of adversarial machine learning and requiring proactive defensive training (Part V). Data Tampering and System Manipulation: This involves compromising the client-side proctoring application itself to falsify log data, prevent data transmission, or intercept/modify exam questions. Robust IES architectures counter this with cryptographic hashing of application binaries, secure boot processes, and immutable audit trails recorded on a blockchain ledger. 1.3 Cost-Efficiency Models and Deployment at Scale The economic feasibility of global e-learning hinges on automated proctoring. Without a scalable, trustworthy system, the value proposition of mass online certification and degrees is severely degraded, impacting tuition revenue and institutional reputation. 1.3.1 Cost-Benefit Analysis Factor Traditional Human Proctoring Automated IES Economic/Strategic Implication Marginal Cost per Exam High (>10 USD/hour, fixed labor cost). Very Low (Fixed software/compute cost, amortization over millions of users). Scalability and global expansion is cost-effective. Drives MOOC monetization. Scalability Linear growth; constrained by labor pool and time zones. Exponential growth; constrained only by cloud compute capacity and licensing. Enables MOOCs and large-scale certification programs with immediate global deployment. Consistency/Objectivity Low; subject to human fatigue, inter-rater variability, and subjective bias. High; based on pre-defined, measurable feature vectors and risk thresholds with auditable logs. Reduced legal exposure from inconsistent disciplinary action and ensures standardized application of rules. Latency of Flagging High (lag between incident and human recognition, sometimes hours/days post-exam). Low (sub-200ms real-time risk score generation at the edge). Enables non-punitive, real-time intervention and adaptive test modifications. 1.3.2 Prototyping Governance: The Sandbox Approach To accelerate adoption while mitigating risk, institutions and regulatory bodies are exploring ""regulatory sandboxes."" These are controlled environments where new IES technologies, particularly those involving advanced XAI or RL, can be piloted with smaller, consenting student groups under relaxed policy constraints. This allows for rigorous testing of bias mitigation and False Positive Rate (FPR) reduction strategies before full production rollout, providing a structured pathway for innovation and legal compliance. The sandbox model encourages iterative deployment, allowing stakeholders (students, faculty, legal teams) to provide continuous feedback on usability and fairness metrics. In practice, a regulatory sandbox often involves a tiered deployment strategy: Tier 1 (Low-stakes quizzes) uses the basic ML model with XAI for auditing only; T",0,scopus_export,https://doi.org/10.5281/zenodo.20204173,false
CAND-255,A Method for Anomaly Detection in Surveillance Video Based on Multimodal Large Language Model,Chongqin Zhou|Bemnet Wondimagegnehu Mersha|Y Sophia Dai,,2026,10.1109/ccdc69976.2026.11560845,,0,scopus_export,https://doi.org/10.1109/ccdc69976.2026.11560845,false
CAND-256,Video Anomaly Detection,Aidana Zhalgas|Beibut Amirgaliyev|Didar Yedilkhan| Alma Batyrsha|Alnura Maxyutova|Tolkyn Zharkenova,Harvard Dataverse,2026,10.7910/dvn/cs49ft,"The dataset consists of 510 video clips of approximately 10-15 seconds each, with 35-40 samples per class, resulting in a balanced distribution. In all cases the voluntary participants acted as an actor in the videos, appearing once in each class, as again this is to provide a diversity of appearance and motion patterns. Dataset deals with only unusual human movements that are pertinent to real world surveillance applications. For this purpose seven classes of abnormalities are identified: seizure, heart attack, limp, picking up an object, coming closer, beating with bag and normal. Dataset contains two subfolders corresponding to the two camera viewpoints. Camera Subfolders (camera 16, camera 17): each subfolder contains seven class directories. The class directories are named according to the behavior they represent: “beating(bag)”, “comingcloser”, “heartattack”, “limp”, “pickobject”, “seizure”, and “normal”.",0,scopus_export,https://doi.org/10.7910/dvn/cs49ft,false
CAND-257,FoodMonitor: Benchmarking MLLMs for Explainable Compliance Analysis,Ruihao Xu|Xingming Shui|Jingxuan Niu|Yiqin Wang|Jilin Yu|Haoji Zhang|Yansong Tang,arXiv (Cornell University),2026,10.48550/arxiv.2605.24503,"As AI-powered compliance monitoring becomes increasingly important in public governance and industrial safety, the ability to provide verifiable evidence and traceable accountability signals is essential. However, existing video anomaly detection datasets focus on event-level binary classification, lacking the rule-driven, explainable analysis required for real-world compliance scenarios. We introduce FoodMonitor, a benchmark for explainable compliance analysis in commercial kitchen surveillance. FoodMonitor comprises 477 video clips with 3,307 violation annotations across a dual-channel design covering both person-level and environment-level violations. Each annotation specifies which rule was violated, what non-compliant behavior occurred, and who committed it with frame-level bounding boxes. We establish a unified evaluation protocol with a two-stage matching mechanism that separately assesses spatial localization and semantic understanding, along with a composite metric ($C_{\text{score}}$) that balances environment and person detection performance. Systematic evaluation of several state-of-the-art multimodal large language models reveals that the best-performing model achieves only 0.360 $C_{\text{score}}$, with spatial localization and fine-grained rule understanding emerging as the primary bottlenecks. Our analysis identifies two distinct failure modes: localization-dominated errors and semantics-dominated errors, providing diagnostic insights for future model development.",0,scopus_export,https://doi.org/10.48550/arxiv.2605.24503,false
CAND-258,FoodMonitor: Benchmarking MLLMs for Explainable Compliance Analysis,Ruihao Xu|Xingming Shui|Jingxuan Niu|Yiqin Wang|Jilin Yu|Haoji Zhang|Yansong Tang,arXiv (Cornell University),2026,,"As AI-powered compliance monitoring becomes increasingly important in public governance and industrial safety, the ability to provide verifiable evidence and traceable accountability signals is essential. However, existing video anomaly detection datasets focus on event-level binary classification, lacking the rule-driven, explainable analysis required for real-world compliance scenarios. We introduce FoodMonitor, a benchmark for explainable compliance analysis in commercial kitchen surveillance. FoodMonitor comprises 477 video clips with 3,307 violation annotations across a dual-channel design covering both person-level and environment-level violations. Each annotation specifies which rule was violated, what non-compliant behavior occurred, and who committed it with frame-level bounding boxes. We establish a unified evaluation protocol with a two-stage matching mechanism that separately assesses spatial localization and semantic understanding, along with a composite metric ($C_{\text{score}}$) that balances environment and person detection performance. Systematic evaluation of several state-of-the-art multimodal large language models reveals that the best-performing model achieves only 0.360 $C_{\text{score}}$, with spatial localization and fine-grained rule understanding emerging as the primary bottlenecks. Our analysis identifies two distinct failure modes: localization-dominated errors and semantics-dominated errors, providing diagnostic insights for future model development.",0,scopus_export,,false
CAND-259,An Analysis Focused on Womens Safety: Can VAD Models Be Enhanced by a Multi-modal Dataset?,Sangeeta|Maddikuntla Sai Prajwal|Debi Prosad Dogra|Kamalakar Vijay Thakare|Hyungjoo Jung|Ig-Jae Kim|Heeseung Choi,arXiv (Cornell University),2026,10.48550/arxiv.2605.25806,"Women's safety and security are paramount for a modern society. Often, crimes scenes get recorded through low-resolution CCTV cameras limiting the efficiency of video anomaly detection (VAD) models. Despite substantial progress in VAD research, women-centric anomalies are still underrepresented in datasets as well as in models. Existing datasets primarily cover well-lit, high-resolution and close-shot videos that are inadequate to tackle critical anomalies such as chain snatching, stalking, inappropriate touch, and other subtle forms of crime against women. To address this, we present a new benchmark, referred to as ExtrAnom. It contains 1001 videos (both anomalies and normal) with four textual annotations; one human-generated and three LLM-generated. The videos are arranged in 5 different categories of crimes. The dataset comprises low-light (8%), low-resolution (13%), long-shot (15%), and daytime (64%) anomaly videos. It includes stalking (3.9%), chain snatching (17.6%), kidnapping (7.3%), assassinations (2.3%), harassment (18.9%), and normal (50%) videos. It is possible to perform cross-modal and VLM-based validations using ExtrAnom. We have benchmarked it against popular unimodal and multi-modal VAD datasets (e.g., XD-Violence, UCF-Crime, and UCA) and SOTA methods. Experiments reveal that existing datasets are insufficient to deal with women-centric anomalies. We believe ExtrAnom can fill this critical gap in VAD research.",0,scopus_export,https://doi.org/10.48550/arxiv.2605.25806,false
CAND-260,An Analysis Focused on Womens Safety: Can VAD Models Be Enhanced by a Multi-modal Dataset?,Sangeeta|Maddikuntla Sai Prajwal|Debi Prosad Dogra|Kamalakar Vijay Thakare|Hyungjoo Jung|Ig-Jae Kim|Heeseung Choi,arXiv (Cornell University),2026,,"Women's safety and security are paramount for a modern society. Often, crimes scenes get recorded through low-resolution CCTV cameras limiting the efficiency of video anomaly detection (VAD) models. Despite substantial progress in VAD research, women-centric anomalies are still underrepresented in datasets as well as in models. Existing datasets primarily cover well-lit, high-resolution and close-shot videos that are inadequate to tackle critical anomalies such as chain snatching, stalking, inappropriate touch, and other subtle forms of crime against women. To address this, we present a new benchmark, referred to as ExtrAnom. It contains 1001 videos (both anomalies and normal) with four textual annotations; one human-generated and three LLM-generated. The videos are arranged in 5 different categories of crimes. The dataset comprises low-light (8%), low-resolution (13%), long-shot (15%), and daytime (64%) anomaly videos. It includes stalking (3.9%), chain snatching (17.6%), kidnapping (7.3%), assassinations (2.3%), harassment (18.9%), and normal (50%) videos. It is possible to perform cross-modal and VLM-based validations using ExtrAnom. We have benchmarked it against popular unimodal and multi-modal VAD datasets (e.g., XD-Violence, UCF-Crime, and UCA) and SOTA methods. Experiments reveal that existing datasets are insufficient to deal with women-centric anomalies. We believe ExtrAnom can fill this critical gap in VAD research.",0,scopus_export,,false
CAND-261,Cross-modal self-supervised learning-driven video anomaly detection model with multi-scale spatio-temporal feature fusion,Cheng Zhu|Hailong Jia|Yonghui Fu,Engineering Research Express,2026,10.1088/2631-8695/ae789e,"Abstract To address the demand for online early warning in real-world surveillance environments, this study proposes a hierarchical multi-scale spatiotemporal anomaly detection model driven by cross-modal self-supervised learning, aimed at the unified identification of sudden, persistent, and collective anomalies while suppressing false alarms. Firstly, appearance and motion representations are constructed separately, and cross-modal consistency constraints are introduced within a shared representation space. Secondly, a temporal contrastive objective is incorporated to enhance the continuity and stability of normal behavior representations. Finally, a hierarchical multi-scale spatiotemporal fusion structure is designed, which implements anomaly scoring based on representation deviations through bottom-up anomaly amplification and top–down contextual correction. Experimental results on the UCSD Ped2 and ShanghaiTech datasets demonstrate that the model achieves a minimum false positive rate (FPR) of 7.2%. Under the joint constraints of cross-modal consistency and temporal contrast, the area under the receiver operating characteristic curve (AUC) increases from 79.6% to 83.7%, while FPR decreases from 24.1% to 22.4%. In comparisons across anomaly types, the highest AUC reaches 96.2%, and FPR in persistent anomaly scenarios drops to 24.3%. Compared with a single-scale structure, the hierarchical multi-scale structure yields an AUC improvement of approximately 4.8%. Further ablation studies indicate the necessity of multimodal fusion and cross-modal consistency constraints, with the temperature coefficient τ achieving stable optimal performance around 0.07. The proposed method provides a structured and deployable technical solution for unsupervised video anomaly detection in complex scenarios.",0,scopus_export,https://doi.org/10.1088/2631-8695/ae789e,false
CAND-262,DTVAD: Dual-branch aligned temporal-aware framework for open-vocabulary video anomaly detection,Jeongyeon Kim|Chaeyoung Song|Taeyeon Kim|Yongseon Lee|Hanul Kim,Neurocomputing,2026,10.1016/j.neucom.2026.134178,,1,scopus_export,https://doi.org/10.1016/j.neucom.2026.134178,false
CAND-263,MemoVAD: Resource-Efficient Video Anomaly Detection via Dynamic Semantic Memory in Edge Computing Scenarios,Guo Li|Jiandian Zeng|Yang Li (7082)|Zihao Peng|Ke Chen|Tian Wang,arXiv (Cornell University),2026,10.48550/arxiv.2606.07669,"Deploying Video Anomaly Detection (VAD) in real-world surveillance faces a fundamental tension between the demand for high-level semantics to ensure effectiveness and the limited computational resources of edge devices. Vision-Language Models (VLMs) provide rich open-vocabulary semantics, but their latency and computational cost preclude on-device deployment. To address the challenge, we propose MemoVAD, an edge-cloud collaborative framework that selectively incorporates VLM semantics into streaming VAD. MemoVAD runs most inference on the edge with a lightweight detector and a causal Temporal Context Encoder (TCE) to model temporal dependencies. Specifically, we introduce an Uncertainty-Aware Gating (UAG) policy grounded in Subjective Logic to model perceived uncertainty and query the cloud-based VLM only for high-uncertainty and semantically novel clips. Besides, a Dynamic Semantic Memory (DSM) is designed to cache VLM-verified prototypes for efficient retrieval, enabling the edge model to progressively incorporate VLM-level semantics via a semantic adapter. Experiments on UCF-Crime and XD-Violence datasets via a real edge device show that MemoVAD substantially reduces communication overhead while surpassing state-of-the-art performance.",0,scopus_export,https://doi.org/10.48550/arxiv.2606.07669,false
CAND-264,MemoVAD: Resource-Efficient Video Anomaly Detection via Dynamic Semantic Memory in Edge Computing Scenarios,Guo Li|Jiandian Zeng|Yang Li|Zihao Peng|Ke Chen|Tian Wang,arXiv (Cornell University),2026,,"Deploying Video Anomaly Detection (VAD) in real-world surveillance faces a fundamental tension between the demand for high-level semantics to ensure effectiveness and the limited computational resources of edge devices. Vision-Language Models (VLMs) provide rich open-vocabulary semantics, but their latency and computational cost preclude on-device deployment. To address the challenge, we propose MemoVAD, an edge-cloud collaborative framework that selectively incorporates VLM semantics into streaming VAD. MemoVAD runs most inference on the edge with a lightweight detector and a causal Temporal Context Encoder (TCE) to model temporal dependencies. Specifically, we introduce an Uncertainty-Aware Gating (UAG) policy grounded in Subjective Logic to model perceived uncertainty and query the cloud-based VLM only for high-uncertainty and semantically novel clips. Besides, a Dynamic Semantic Memory (DSM) is designed to cache VLM-verified prototypes for efficient retrieval, enabling the edge model to progressively incorporate VLM-level semantics via a semantic adapter. Experiments on UCF-Crime and XD-Violence datasets via a real edge device show that MemoVAD substantially reduces communication overhead while surpassing state-of-the-art performance.",0,scopus_export,,false
CAND-265,From Chaos to Detection: Accident Benchmarking in Surveillance Videos with a Curated Dataset and 3D CNNs,Muhammad Ayoub Danka|Ranjit Singh Sarban Singh|Muhammad Ayoub Danka,Engineering Technology & Applied Science Research,2026,10.48084/etasr.17024,"Automatic accident detection from surveillance videos is an important task for intelligent transportation and public safety, yet it remains underdeveloped compared to violence and anomaly detection. While existing methods often report high accuracy, these results are frequently based on contaminated datasets containing duplicates, overlapping scenes, or annotation artifacts, which inflate performance and limit real-world applicability. To address this gap, this paper introduces a curated benchmark dataset of 513 videos from multiple sources, which are segmented into 4 s clips, resulting in 1,122 clips (561 per class). Using this dataset, we evaluate a spectrum of approaches ranging from handcrafted Violent Flows (ViF) + Support Vector Machine (SVM) pipelines to Convolutional Neural Network–Recurrent Neural Network (CNN–RNN) hybrids and modern 3D convolutional networks. The conducted experiments confirm that traditional methods collapse under stricter evaluation, whereas lightweight architectures such as X3D achieve the best balance between accuracy and efficiency. The reconfigured X3D-S variant achieved 84.48% accuracy, establishing a strong baseline for accident detection under realistic conditions, while offering both a cleaner benchmark and a practical design for future deployment. The Surveillance Curated Accident Dataset (SCAD) and full implementation code are publicly available and can be cited through this paper.",0,scopus_export,https://doi.org/10.48084/etasr.17024,false
CAND-266,Memory Module Guided for Federated Weakly-Supervised Abnormal event detection in videos,Yuhan Zhu,Ingegneria Sismica,2026,10.65102/is20261240,"Abnormal event detection in videos (VAD) serves as a key component in applications like intelligent surveillance and video content review, particularly in the context of growing concerns over video sequences privacy. Traditional anomaly detection methods typically require centralized training data, which poses privacy risks when dealing with sensitive data, such as surveillance videos or traffic accident footage. In practical scenarios, video sequences are often distributed across multiple institutions or devices, and due to privacy protection regulations, these videos cannot be shared. Therefore, how to efficiently per- form abnormal event detection in videos while ensuring privacy still constitutes a formidable challenge. To alleviate this issue, we propose a novel framework Federated Weakly Supervised Abnormal event detection in videos (Fed-WSVAD), which leverages federated learning to solve the problem of data privacy between institutions. Specifically, we combine the massive visual-textual pre-trained model CLIP with federated learning, introducing a global-level and local context-driven dynamic text prompt generator. This generator creates text prompts that enhance global-level generalization while maintaining local personalization dependent on the unique data characteristics of each client, consequently improving the effectiveness of abnormal event detection in videos. To further enhance the generalization ability of the model, we incorporate a memory module that stores and updates feature prototypes for normal and anomalous samples. This allows knowledge sharing and transfer across clients without requiring data sharing. Our model not only reduces data transmission and storage risks due to privacy concerns but also improves anomaly detection performance through the introduction of compactness and separateness losses. We implemented comprehensive experiments on the XD-Violence dataset and UCF-Crime dataset datasets, and the results show that compared to traditional federated learning methods, our Fed-WSVAD approach significantly outperforms in both global-level generalization and local personalization. This method effectively balances privacy protection and performance optimization, enabling the training of efficient abnormal event detection in videos models without sharing sensitive data. This research provides a novel solution for privacy-preserving abnormal event detection in videos and demonstrates the potential and practical application value of federated learning in weakly supervised abnormal event detection in videos. In the future, we will further explore how to optimize this method in more complex scenarios to enhance its feasibility and robustness in practical-scenario applications.",0,scopus_export,https://doi.org/10.65102/is20261240,false
CAND-267,ABD-CLIP: anomaly-aware bidirectional CLIP with temporal graph-former for weakly supervised video anomaly detection,Yaqi Kang|Liujie Hua|Jinzhou Fu|Lin Yu|Xiyu Tan,Complex & Intelligent Systems,2026,10.1007/s40747-026-02349-6,"Video anomaly detection is crucial for intelligent surveillance, yet existing vision-language models such as CLIP still struggle with surveillance videos due to fixed viewpoints, illumination variations, weak object semantics, and insufficient temporal reasoning. To address these limitations, we propose ABD-CLIP, a weakly supervised video anomaly detection framework that integrates anomaly-aware visual adaptation, bidirectional prompt learning, and temporal relational modeling in a unified manner. Specifically, a Dynamic Prompt Adapter (DPA) performs lightweight anomaly-aware adaptation of frozen CLIP visual features and further provides visual-context-guided prompt refinement, thereby improving context-sensitive vision–language alignment. In addition, a bidirectional prompt learning mechanism decomposes each prompt into prefix, category, and suffix components, where the prefix captures scene-oriented contextual priors and the suffix refines anomaly-related attributes. Furthermore, a temporal graph-former (TGF) combines block-wise local self-attention with dual-graph temporal reasoning to jointly model short-term motion dynamics, long-range semantic relations, and temporal continuity. Experiments on UCF-Crime and XD-Violence demonstrate that ABD-CLIP achieves 84.41% AUC on UCF-Crime and 78.52% AP on XD-Violence under the coarse-grained weakly supervised setting, while also improving fine-grained anomaly recognition. Additional analyses on stability, cross-dataset transfer, runtime, and qualitative representation structure further verify the effectiveness of the proposed framework.",0,scopus_export,https://doi.org/10.1007/s40747-026-02349-6,false
CAND-268,Retrieval-Guided Contextual Inference for Training-Free Video Anomaly Detection in Low-Light Scenarios,Mengjingcheng Mo|Jiankang Zheng|Jiaxu Leng|Xinbo Gao,,2026,10.1145/3805622.3810823,"Real-world surveillance often operates in low-light environments, where degraded visual evidence can make training-free anomaly reasoning unreliable. However, current training-free methods typically assume sufficiently clean inputs, which can lead to hallucinated semantics and unstable anomaly scores under visual degradation. To address this issue, we propose Retrieval-augmented Contextual Inference (ReCI), a training-free framework that leverages retrieval-augmented context for robust low-light video anomaly detection. ReCI constructs Semantic Context (SC) through hierarchical captioning by aggregating clip-level local captions into a video-level global description. It then performs contextualized anomaly inference using Reference Context (RC) retrieved from a reference pool built during inference. The VLM outputs anomaly scores and associated confidence values, which we use as a heuristic reliability signal for temporal refinement. Experiments on XD-Violence and UCF-Crime show that ReCI consistently improves over prior training-free baselines, with particularly clear gains on the low-light subset.",1,scopus_export,https://doi.org/10.1145/3805622.3810823,false
CAND-269,Privacy-preserving video anomaly detection via federated learning,Shuo Li|Fang Liu|Licheng Jiao|Jiahao Wang|Yanbiao Ma|Xinyi Wang|Yang Liu|Qianyue Bao|Xu Liu|Lingling Li|Puhua Chen,Knowledge-Based Systems,2026,10.1016/j.knosys.2026.116454,,0,scopus_export,https://doi.org/10.1016/j.knosys.2026.116454,false
CAND-270,Reducing Prompt Sensitivity in Video Anomaly Understanding via Conditional Prompt Learning,Arsen Ignatosyan|Lu Cao|Hazel Doughty,,2026,10.1145/3810987.3815535,"Video Anomaly Understanding (VAU) requires not only detecting irregular events but also providing interpretable explanations. Recent MLLM-based approaches show promise but face two limitations: high sensitivity to prompt variations and poor generalization to unseen anomaly types. We propose AnoCoCo (Anomaly Conditional Context), a prompt learning method that appends learnable instance-conditional context tokens to video-based MLLM prompts. A lightweight conditioning network generates per-instance tokens from pooled spatio-temporal video features, steering the frozen LLM toward anomalous visual cues without modifying pretrained weights. Experiments demonstrate improved prompt robustness and generalization to unseen anomaly types compared to both zero-shot and finetuned baselines, with applicability to safety-critical settings such as public surveillance, smart city monitoring, and industrial anomaly detection.",0,scopus_export,https://doi.org/10.1145/3810987.3815535,false
CAND-271,TriPath3DNet: an efficient real-time model for multi-class classification in real-life surveillance videos of fixed duration,K. Mohanarangan|P. Palanisamy,Scientific Reports,2026,10.1038/s41598-026-52403-z,"This paper presents TriPath3DNet, a novel, efficient, and interpretable 3D CNN architecture designed for real-time, multi-class classification of short, motion-triggered surveillance video clips under challenging real-world conditions-including occlusion, variable lighting, adverse weather, and subtle low-motion anomalies such as loitering or zone intrusion. TriPath3DNet integrates three complementary temporal pathways-short-term motion, long-term context, and Temporal Difference Encoding (TDE)-into a lightweight ResNet3D (R3D)-18 backbone to jointly model transient dynamics and sustained activities. Evaluated on four datasets-including the newly curated Virat1-RC, Virat2-RC, UCF-Crime, and our proprietary In-House Dataset (IHD)-TriPath3DNet achieves state-of-the-art or near state-of-the-art performance, with up to 95.37% accuracy, 99.42% AUC, and an inference latency of 129 to 137 ms per 50-frame clip (approx 2.6 ms per frame) on an 11 GB GPU, using only 33.46 M parameters. Notably, it outperforms both CNN- and transformer-based baselines-including MViTv1, MViTv2, and VideoSwin-by significant margins, especially on anomaly-dense benchmarks like UCF-Crime, where most vision transformers struggle. While MViTv2 achieves slightly higher accuracy on IHD (91.87% vs. 89.46%), TriPath3DNet delivers substantially better AUC (98.07% vs. 90.96%), indicating superior calibration for critical anomaly detection. Ablation studies confirm that each temporal branch contributes meaningfully to performance, and Grad-CAM visualizations demonstrate spatially precise and temporally coherent attention maps. By aligning architectural design with edge-cloud deployment constraints and the operational realities of industrial surveillance, our work bridges the gap between academic research and real-world video analytics.",0,scopus_export,https://doi.org/10.1038/s41598-026-52403-z,false
CAND-272,Reliability-Aware Prototype Calibration for Frozen Pose-Flow Video Anomaly Detection,Ning Dong|Yingna Su|Xin Dong|Ziyun Jiao|Xinnian Guo|Zhuangzhuang Pan,arXiv (Cornell University),2026,10.48550/arxiv.2606.20312,"Pose-flow video anomaly detectors are attractive for one-class surveillance because they provide likelihood-based rankings for tracked skeleton windows. However, a single likelihood score may hide multimodal normal behavior and be sensitive to pose-observation noise. We study a frozen-detector setting in which the pose-flow backbone, cached skeleton tracks, and evaluation pipeline are fixed. Reliability-Aware Prototype Calibration (RPC) is a post-hoc score calibration method for this setting. It adds a standardized nearest-prototype deviation in the frozen latent space to the standardized flow score, and uses keypoint confidence only to gate this added geometric evidence. Thus, RPC preserves the original density signal while correcting the ranking with empirical normal-mode structure under pose reliability. Across two frozen pose-flow backbones and four datasets, RPC improves frame-level AUROC in all eight backbone-dataset pairs, with gains ranging from 0.34 to 4.49 percentage points and averaging 2.03 points. Ablation and reliability analyses show that prototype deviation is the main corrective signal, while reliability gating is most useful when pose observations are less trustworthy. These results suggest that lightweight post-hoc calibration can strengthen cached pose-flow systems when retraining or reproducing the full pose pipeline is impractical.",0,scopus_export,https://doi.org/10.48550/arxiv.2606.20312,false
CAND-273,Reliability-Aware Prototype Calibration for Frozen Pose-Flow Video Anomaly Detection,Ning Dong|Yingna Su|Xin Dong|Ziyun Jiao|Xinnian Guo|Zhuangzhuang Pan,arXiv (Cornell University),2026,,"Pose-flow video anomaly detectors are attractive for one-class surveillance because they provide likelihood-based rankings for tracked skeleton windows. However, a single likelihood score may hide multimodal normal behavior and be sensitive to pose-observation noise. We study a frozen-detector setting in which the pose-flow backbone, cached skeleton tracks, and evaluation pipeline are fixed. Reliability-Aware Prototype Calibration (RPC) is a post-hoc score calibration method for this setting. It adds a standardized nearest-prototype deviation in the frozen latent space to the standardized flow score, and uses keypoint confidence only to gate this added geometric evidence. Thus, RPC preserves the original density signal while correcting the ranking with empirical normal-mode structure under pose reliability. Across two frozen pose-flow backbones and four datasets, RPC improves frame-level AUROC in all eight backbone-dataset pairs, with gains ranging from 0.34 to 4.49 percentage points and averaging 2.03 points. Ablation and reliability analyses show that prototype deviation is the main corrective signal, while reliability gating is most useful when pose observations are less trustworthy. These results suggest that lightweight post-hoc calibration can strengthen cached pose-flow systems when retraining or reproducing the full pose pipeline is impractical.",0,scopus_export,,false
CAND-274,"Computer Vision-Based Safety Alerts for Airport Surveillance: A Multi-Camera System for Incursions, FOD and Wildlife",Juan Ramos|Guillermo del Valle-Reboul|A. Quintanar,Zenodo (CERN European Organization for Nuclear Research),2026,10.5281/zenodo.21789117,"Abstract: Airport operators increasingly rely on video surveillance to maintain safe airside and landside operations; however, continuous manual monitoring does not scale with traffic and does not consistently deliver timely decision support in low visibility or high-workload situations. This paper presents an AI-enabled Airport Digital Assistant (AP-DA) integrated with the existing CCTV infrastructure at Athens International Airport (AIA) to detect and alert on three recurrent aerodrome safety hazards: taxiway incursions between aircraft and service-road vehicles, foreign object debris (FOD) on pavement areas, and wildlife activity near runway/taxiway environments. The pipeline combines transformer-based object detection for aircraft/vehicle and bird detection, landing-gear localization to refine aircraft ground-position estimation, SIFT-stabilized homography to map image detections onto a 2D reference for conflict assessment, and patch-based preprocessing to preserve small-object detail; for FOD, an autoencoder-based anomaly detector is used to achieve high nuisance-alert rejection. Validation on operational recordings and airport-led simulation sessions shows mean performance of 90.6% F1 and 98.2% TN for taxiway incursions (100% TN in no-incursion clips; typical alert latency 1–2s), 78% F1 and 99% TN for FOD anomaly detection (with recognition limited by scarce labeled data, particularly for small FOD), and wildlife detection robustness across low-contrast and low-visibility scenarios with mean F1 > 70% and mean TN > 85%. Overall, AP-DA demonstrates the feasibility of deploying computer-vision-based alerts to support safety surveillance using real airport video. This paper is based on work carried out within the JARVIS project. The JARVIS project has received funding from the SESAR 3 Joint Undertaking under grant agreement No 101114692 under European Union’s Horizon Europe research and innovation programme.",0,scopus_export,https://doi.org/10.5281/zenodo.21789117,false
CAND-275,"Computer Vision-Based Safety Alerts for Airport Surveillance: A Multi-Camera System for Incursions, FOD and Wildlife",Juan Ramos|Guillermo del Valle-Reboul|A. Quintanar,Zenodo (CERN European Organization for Nuclear Research),2026,10.5281/zenodo.21789116,"Abstract: Airport operators increasingly rely on video surveillance to maintain safe airside and landside operations; however, continuous manual monitoring does not scale with traffic and does not consistently deliver timely decision support in low visibility or high-workload situations. This paper presents an AI-enabled Airport Digital Assistant (AP-DA) integrated with the existing CCTV infrastructure at Athens International Airport (AIA) to detect and alert on three recurrent aerodrome safety hazards: taxiway incursions between aircraft and service-road vehicles, foreign object debris (FOD) on pavement areas, and wildlife activity near runway/taxiway environments. The pipeline combines transformer-based object detection for aircraft/vehicle and bird detection, landing-gear localization to refine aircraft ground-position estimation, SIFT-stabilized homography to map image detections onto a 2D reference for conflict assessment, and patch-based preprocessing to preserve small-object detail; for FOD, an autoencoder-based anomaly detector is used to achieve high nuisance-alert rejection. Validation on operational recordings and airport-led simulation sessions shows mean performance of 90.6% F1 and 98.2% TN for taxiway incursions (100% TN in no-incursion clips; typical alert latency 1–2s), 78% F1 and 99% TN for FOD anomaly detection (with recognition limited by scarce labeled data, particularly for small FOD), and wildlife detection robustness across low-contrast and low-visibility scenarios with mean F1 > 70% and mean TN > 85%. Overall, AP-DA demonstrates the feasibility of deploying computer-vision-based alerts to support safety surveillance using real airport video. This paper is based on work carried out within the JARVIS project. The JARVIS project has received funding from the SESAR 3 Joint Undertaking under grant agreement No 101114692 under European Union’s Horizon Europe research and innovation programme.",0,scopus_export,https://doi.org/10.5281/zenodo.21789116,false
CAND-276,An Intelligent Railway Surveillance System Using Yolo-Based Cnn–Lstm–Attention Networks for Trespassing Detection and Object Recognition,Karthick Manoharan|Kannan N,Research Square,2026,10.21203/rs.3.rs-9893406/v1,,0,scopus_export,https://doi.org/10.21203/rs.3.rs-9893406/v1,false
CAND-277,Benchmark AUC Is Not Deployable Reliability: A Cross-Dataset Audit of Off-the-Shelf Features for Surveillance Video Anomaly Detection,Mohammadreza Rashidi,arXiv (Cornell University),2026,10.48550/arxiv.2606.29506,"Automated ""suspicious behavior"" flagging is a headline promise of AI surveillance, and the field reports high frame-level ROC-AUC on standard video anomaly detection benchmarks. Those numbers are measured by training and testing on the same camera and scene. We audit what happens when that assumption is dropped. We build an unsupervised normality model from the all-normal training frames of one dataset, using frozen off-the-shelf embeddings (CLIP, DINOv2, ResNet-50, EfficientNet-B0) and a nearest-neighbour distance, and score the test frames of the same and of other datasets. Across 4 real datasets (UCSD Ped1, UCSD Ped2, CUHK Avenue, ShanghaiTech) and 4 backbones, same-dataset AUC averages 0.704 but cross-dataset AUC averages 0.499, which is chance: a detector calibrated on one scene is no better than a coin flip on another, and in several pairs it is below chance. The strongest backbone makes this worse, not better: DINOv2 has the best same-dataset AUC (up to 0.901 on Ped2) and the largest cross-dataset drop. The collapse is not an artefact of the scoring rule: replacing the nearest-neighbour detector with a PaDiM-style Mahalanobis detector reproduces it almost exactly (cross-dataset gap 0.202 versus 0.208). Even at a favourable operating point the false-alarm rate is on the order of 31,931 per hour. We conclude that the benchmark numbers quoted for surveillance anomaly detection describe a calibrated laboratory setting and overstate deployable reliability by a wide margin, and we release the code that reproduces every number.",0,scopus_export,https://doi.org/10.48550/arxiv.2606.29506,false
CAND-278,Benchmark AUC Is Not Deployable Reliability: A Cross-Dataset Audit of Off-the-Shelf Features for Surveillance Video Anomaly Detection,Mohammadreza Rashidi,arXiv (Cornell University),2026,,"Automated ""suspicious behavior"" flagging is a headline promise of AI surveillance, and the field reports high frame-level ROC-AUC on standard video anomaly detection benchmarks. Those numbers are measured by training and testing on the same camera and scene. We audit what happens when that assumption is dropped. We build an unsupervised normality model from the all-normal training frames of one dataset, using frozen off-the-shelf embeddings (CLIP, DINOv2, ResNet-50, EfficientNet-B0) and a nearest-neighbour distance, and score the test frames of the same and of other datasets. Across 4 real datasets (UCSD Ped1, UCSD Ped2, CUHK Avenue, ShanghaiTech) and 4 backbones, same-dataset AUC averages 0.704 but cross-dataset AUC averages 0.499, which is chance: a detector calibrated on one scene is no better than a coin flip on another, and in several pairs it is below chance. The strongest backbone makes this worse, not better: DINOv2 has the best same-dataset AUC (up to 0.901 on Ped2) and the largest cross-dataset drop. The collapse is not an artefact of the scoring rule: replacing the nearest-neighbour detector with a PaDiM-style Mahalanobis detector reproduces it almost exactly (cross-dataset gap 0.202 versus 0.208). Even at a favourable operating point the false-alarm rate is on the order of 31,931 per hour. We conclude that the benchmark numbers quoted for surveillance anomaly detection describe a calibrated laboratory setting and overstate deployable reliability by a wide margin, and we release the code that reproduces every number.",0,scopus_export,,false
CAND-279,Disagreement-aware late fusion of 3DCNN and MViT for clip-level video anomaly detection,K. Mohanarangan|P. Palanisamy,Discover Computing,2026,10.1007/s10791-026-10197-8,"Abstract We propose Adaptive Late Router with Temperature Scaling (ALeRT), an inference-only, disagreement-aware late fusion framework for clip-level video anomaly detection. ALeRT combines two complementary experts: MMAnet, a lightweight multi-scale 3D CNN for fine-grained motion dynamics, and MViT, a Kinetics-pretrained multiscale Vision Transformer for long-range spatiotemporal modeling, without requiring joint retraining. Model outputs are calibrated using temperature scaling and fused via a Product-of-Experts (PoE) to reinforce agreement, while disagreement is resolved using confidence margins and per-class Positive Predictive Value (PPV). Temporal consistency is further enhanced through exponential moving average (EMA) smoothing. The framework is evaluated across multiple random seeds, reporting mean performance with low variance, demonstrating strong robustness and generalization. Experiments on LPS ( Loss Preventive Surveillance), UCF-Crime-Clips (UCF-CC), and Virat2-RC (ReClassified) datasets show consistent improvements over individual backbones. Notably, ALeRT achieves these gains with only $$\sim $$ 3.1 ms fusion overhead per clip, enabling real-time inference (5.7–6.0 events/s, maximum of 300 FPS(FPS (frames per second) indicates the number of video frames processed per second.)) on commodity GPUs. These results highlight the effectiveness of disagreement-aware fusion for scalable and deployment-ready video anomaly detection.",0,scopus_export,https://doi.org/10.1007/s10791-026-10197-8,false
CAND-280,"Intelligent Video Surveillance: A Systematic Review of Deep Learning Architectures, Multimodal Fusion, and the Emerging Role of Conversational AI (2018–2025)",Nimmala Pravalika|Mittapally Sushmitha|Kommaraju Laasya|Kadiyala Ramana,Artificial Intelligence and Emerging Technologies,2026,10.53941/aiet.2026.100008,"The rapid proliferation of urban surveillance infrastructure and the exponential growth of large-scale video data have intensified demand for automated, adaptive monitoring solutions. Recent deep learning advances have transformed conventional surveillance from rule-based systems into adaptive, context-aware frameworks capable of complex spatiotemporal activity detection, classification, and interpretation. This paper presents a comprehensive review of seventy-three deep-learning-based research studies on video anomaly detection (VAD) and human activity recognition published between 2018 and 2025. A systematic categorization of the surveyed works is performed with respect to ten major model families: CNNs for spatial feature extraction recurrent architectures (LSTM, GRU, Bi-LSTM) for temporal reasoning; 3D-CNN and spatiotemporal models for motion encoding autoencoder and generative adversarial frameworks for unsupervised reconstruction transformer and attention-based models for long-range dependency modeling memory-augmented networks for prototypeconstrained normality learning multimodal fusion architectures and edge-intelligent and conversational AI systems for scalable, interactive deployment. The results demonstrate a performance evolution from early CNN-based classifiers (around 85% AUC) to recent transformer-driven and memory-augmented methods achieving AUC values above 97% on UCF-Crime, ShanghaiTech, CUHK Avenue, and RWF-2000. The review additionally incorporates the MSAD multi-scenario benchmark and the CUVA causation dataset, and provides a methodological caveat on the comparability of AUC scores across heterogeneous supervision paradigms. Key open challenges—dataset imbalance, occlusion, illumination variation, domain generalization, and real-time latency—are mapped to research directions including weakly supervised MLLMs, privacy-preserving federated learning, and edge-optimized transformer pipelines.",0,scopus_export,https://doi.org/10.53941/aiet.2026.100008,false
CAND-281,VisionGuard: Explainable Deep Learning Framework for Real-Time Anomaly Detection in Surveillance Video,"Jahnavi Somaraju, L. Mounika, M. Mounika, K. Mounika, BS. Karishma",Zenodo (CERN European Organization for Nuclear Research),2026,10.5281/zenodo.21523004,"Surveillance anomaly detection systems built around a single monolithic deep network are difficult to interpret, brittle to distribution shift, and offer operators no rationale on which to act. This paper presents VisionGuard, an explainable deep learning framework that reorganizes real-time video anomaly detection as a coordinated multi-agent system. A Perception Agent extracts spatio-temporal features, a Temporal Reasoning Agent scores short clips for anomalous dynamics, an Explanation Agent generates saliency-based and natural-language rationales, an Orchestrator Agent routes decisions and resolves conflicts, and an Alert and Response Agent manages operator-facing triage with a human-in-the-loop feedback channel. The agents communicate over a lightweight message bus and share state through a hybrid short-term feature store and long-term vector memory that supports retrieval-augmented context. On UCSD Ped2, CUHK Avenue and ShanghaiTech, VisionGuard achieves a frame-level AUC of 91.7%, an improvement of 5.6 points over the strongest baseline evaluated, while sustaining 29.4 FPS end-to-end on a single GPU. Ablation results show every agent and the sharedmemory/feedback mechanisms contribute measurably to accuracy, and qualitative case studies show the Explanation Agent's rationale is a substantive aid to operator decision-making.",0,scopus_export,https://doi.org/10.5281/zenodo.21523004,false
CAND-282,MOSAD: Multimodal Open-Set Anomaly Detection Dataset for Omnidirectional UAVs,Omar Huseyn,Zenodo (CERN European Organization for Nuclear Research),2026,10.5281/zenodo.21539951,"MOSAD-8: Multimodal Anomaly Detection Benchmark for Edge-Deployed UAVs Dataset Overview The MOSAD-8 dataset is a stress-test benchmark designed for evaluating real-time, multimodal one-class anomaly detection frameworks on resource-constrained aerial platforms (e.g., NVIDIA Jetson Xavier NX). The dataset contains synchronized visual feature scores and 6-DOF geometric flight controller telemetry collected across 8 distinct flight sequences under severe environmental and hardware fault conditions. Total Samples / Frames: 6,000 frames (750 frames per scenario at 50 Hz cadence) Total Anomalous Frames: 2,370 frames (39.5% overall anomaly ratio) Modalities: Visual Anomaly Scores (PCA Gatekeeper + Bayesian RCAE) + 6-DOF Tracking Error Telemetry Target Platform: Omnidirectional UAVs governed by Brescianini–D'Andrea dynamics License: Creative Commons Attribution 4.0 International (CC BY 4.0) Files Included in Package scenario_1_telemetry_vision.csv : Dusk Lighting Shift (Nominal baseline) scenario_2_telemetry_vision.csv : Rapid Lens Occlusion scenario_3_telemetry_vision.csv : Motor Thrust Loss (10% single-rotor loss) scenario_4_telemetry_vision.csv : Severe Wind Gusts (Aerodynamic turbulence) scenario_5_telemetry_vision.csv : Propeller Degradation scenario_6_telemetry_vision.csv : IMU Sensor Noise Spike scenario_7_telemetry_vision.csv : Camera Gimbal Jitter scenario_8_telemetry_vision.csv : Actuator + Vision Combined Fault summary_metrics_reproduced.csv : Consolidated scenario evaluation metrics Data Schema & Column Specifications Each CSV file contains 7 synchronized telemetry and feature columns recorded at 0.02s timestamp increments (50 Hz): timestamp (float): Elapsed flight time in seconds (0.00 to 14.98 s). pca_score (float): Stage-1 Principal Component Analysis reconstruction MSE (64x64 RGB input). rcae_visual_loss (float): Stage-2 Robust Convolutional Autoencoder reconstruction error combined with Monte Carlo Dropout epistemic uncertainty variance. tracking_error_6dof_norm (float): Normalized 6-DOF tracking error derived via Mahalanobis weighting over Brescianini–D'Andrea rigid-body state dynamics. fused_anomaly_score (float): Multimodal aggregated anomaly score computed via learned weighted fusion (0.15 * PCA + 0.35 * RCAE + 0.50 * Tracking Error). decision_flag (binary): System alert output (0 = Nominal, 1 = Anomaly Detected) evaluated through a 5-frame sliding persistence window. ground_truth_label (binary): Ground-truth annotation (0 = Nominal, 1 = Anomalous Frame). Associated Publication & Citation If you use this dataset or benchmark in your research, please cite the corresponding journal publication: Omar Huseyn and Yasin Furkan Gorgulu, ""Multimodal One-Class Anomaly Detection for Omnidirectional UAVs via PCA Gating and Bayesian Latent Regularization,"" IEEE Transactions on Circuits and Systems for Video Technology, 2026.",0,scopus_export,https://doi.org/10.5281/zenodo.21539951,false
CAND-283,VisionGuard: Explainable Deep Learning Framework for Real-Time Anomaly Detection in Surveillance Video,"Jahnavi Somaraju, L. Mounika, M. Mounika, K. Mounika, BS. Karishma",Zenodo (CERN European Organization for Nuclear Research),2026,10.5281/zenodo.21523005,"Surveillance anomaly detection systems built around a single monolithic deep network are difficult to interpret, brittle to distribution shift, and offer operators no rationale on which to act. This paper presents VisionGuard, an explainable deep learning framework that reorganizes real-time video anomaly detection as a coordinated multi-agent system. A Perception Agent extracts spatio-temporal features, a Temporal Reasoning Agent scores short clips for anomalous dynamics, an Explanation Agent generates saliency-based and natural-language rationales, an Orchestrator Agent routes decisions and resolves conflicts, and an Alert and Response Agent manages operator-facing triage with a human-in-the-loop feedback channel. The agents communicate over a lightweight message bus and share state through a hybrid short-term feature store and long-term vector memory that supports retrieval-augmented context. On UCSD Ped2, CUHK Avenue and ShanghaiTech, VisionGuard achieves a frame-level AUC of 91.7%, an improvement of 5.6 points over the strongest baseline evaluated, while sustaining 29.4 FPS end-to-end on a single GPU. Ablation results show every agent and the sharedmemory/feedback mechanisms contribute measurably to accuracy, and qualitative case studies show the Explanation Agent's rationale is a substantive aid to operator decision-making.",0,scopus_export,https://doi.org/10.5281/zenodo.21523005,false
CAND-284,MOSAD: Multimodal Open-Set Anomaly Detection Dataset for Omnidirectional UAVs,Omar Huseyn,Zenodo (CERN European Organization for Nuclear Research),2026,10.5281/zenodo.21533814,"MOSAD-8: Multi-modal Online Self-supervised Anomaly Detection Benchmark for Omnidirectional UAVs Dataset OverviewThe MOSAD-8 Benchmark Dataset contains 8 synthetic/simulated time-series telemetry scenarios designed for evaluating real-time anomaly detection algorithms on edge-deployed omnidirectional UAVs. All physical flight dynamics are simulated using the Brescianini-D'Andrea omnidirectional hexarotor dynamic model coupled with 6-DOF tracking error profiles and Bayesian latent reconstruction features. - Number of Scenarios: 8 distinct flight anomaly conditions- Sampling Frequency: 50 Hz (0.02s interval)- Flight Duration: 15.0 seconds per scenario (750 samples/file)- Anomaly Window: 1 injected anomaly period per file File & Column Structure- timestamp_s (s): Flight timestamp- pca_score (-): Normalized PCA reconstruction error (s_PCA)- rcae_visual_loss (-): RCAE visual reconstruction loss (L_RCAE)- rcae_epistemic_uncertainty (-): MC-Dropout variance (sigma_ep^2, T=50)- rcae_mc_mean (-): MC-Dropout predictive mean- tracking_error_6dof_norm (m / rad): Normalized 6-DOF tracking error (e_norm)- e_x_m, e_y_m, e_z_m (m): Translational tracking errors along X, Y, Z axes- e_roll_rad, e_pitch_rad, e_yaw_rad (rad): Rotational tracking errors (Euler angles)- fused_anomaly_score (-): Multimodal score: s_fused = beta * s_vis + (1-beta) * e_norm- decision_flag (0 / 1): Binary detection flag based on threshold tau- ground_truth_label (0 / 1): Ground truth anomaly annotation (1 = Anomaly) Baseline Parameters- Fusion Weight (beta): 0.60 (Visual channel preference)- Detection Threshold (tau): 0.45- MC-Dropout Parameters: T = 50 forward passes, dropout rate p = 0.25 Scenario Descriptions1. scenario_01_dusk_lighting: Ambient illumination drop at dusk leading to camera AGC saturation.2. scenario_02_rapid_lens_occlusion: Partial lens occlusion by airborne debris causing localized visual blackout.3. scenario_03_single_motor_thrust_loss: Single motor thrust reduction to 40% introducing asymmetric force.4. scenario_04_severe_gust_perturbation: Lateral wind gust (12 m/s) resulting in attitude exceedance (>20 deg).5. scenario_05_propeller_degradation: Progressive propeller tip crack inducing coupled vibration and motion blur.6. scenario_06_sensor_noise_spike: IMU/Camera synchronization glitch causing a 1-second burst noise.7. scenario_07_camera_jitter: Gimbal mechanical resonance inducing high-frequency image jitter.8. scenario_08_combined_actuator_vision_fault: Simultaneous ESC failure + lens occlusion (worst-case benchmark). Note on Pure Kinematic Scenarios (03 & 04): Scenarios 03 and 04 feature pure mechanical/environmental perturbations without visual anomalies. When evaluating under static beta = 0.60, consider adjusting the threshold to tau = 0.28 or using dynamic weighting. Citation & License- License: Creative Commons Attribution 4.0 International (CC BY 4.0)- Citation: If you use this dataset in your research, please cite: MOSAD: Multimodal One-Class Anomaly Detection for Omnidirectional UAVs via PCA Gating and Bayesian Latent Regularization, IEEE Transactions on Circuits and Systems for Video Technology (Submitted, 2026).",0,scopus_export,https://doi.org/10.5281/zenodo.21533814,false
CAND-285,MOSAD: Multimodal Open-Set Anomaly Detection Dataset for Omnidirectional UAVs,Omar Huseyn,Zenodo (CERN European Organization for Nuclear Research),2026,10.5281/zenodo.21539952,"MOSAD-8: Multimodal Anomaly Detection Benchmark for Edge-Deployed UAVs Dataset Overview The MOSAD-8 dataset is a stress-test benchmark designed for evaluating real-time, multimodal one-class anomaly detection frameworks on resource-constrained aerial platforms (e.g., NVIDIA Jetson Xavier NX). The dataset contains synchronized visual feature scores and 6-DOF geometric flight controller telemetry collected across 8 distinct flight sequences under severe environmental and hardware fault conditions. Total Samples / Frames: 6,000 frames (750 frames per scenario at 50 Hz cadence) Total Anomalous Frames: 2,370 frames (39.5% overall anomaly ratio) Modalities: Visual Anomaly Scores (PCA Gatekeeper + Bayesian RCAE) + 6-DOF Tracking Error Telemetry Target Platform: Omnidirectional UAVs governed by Brescianini–D'Andrea dynamics License: Creative Commons Attribution 4.0 International (CC BY 4.0) Files Included in Package scenario_1_telemetry_vision.csv : Dusk Lighting Shift (Nominal baseline) scenario_2_telemetry_vision.csv : Rapid Lens Occlusion scenario_3_telemetry_vision.csv : Motor Thrust Loss (10% single-rotor loss) scenario_4_telemetry_vision.csv : Severe Wind Gusts (Aerodynamic turbulence) scenario_5_telemetry_vision.csv : Propeller Degradation scenario_6_telemetry_vision.csv : IMU Sensor Noise Spike scenario_7_telemetry_vision.csv : Camera Gimbal Jitter scenario_8_telemetry_vision.csv : Actuator + Vision Combined Fault summary_metrics_reproduced.csv : Consolidated scenario evaluation metrics Data Schema & Column Specifications Each CSV file contains 7 synchronized telemetry and feature columns recorded at 0.02s timestamp increments (50 Hz): timestamp (float): Elapsed flight time in seconds (0.00 to 14.98 s). pca_score (float): Stage-1 Principal Component Analysis reconstruction MSE (64x64 RGB input). rcae_visual_loss (float): Stage-2 Robust Convolutional Autoencoder reconstruction error combined with Monte Carlo Dropout epistemic uncertainty variance. tracking_error_6dof_norm (float): Normalized 6-DOF tracking error derived via Mahalanobis weighting over Brescianini–D'Andrea rigid-body state dynamics. fused_anomaly_score (float): Multimodal aggregated anomaly score computed via learned weighted fusion (0.15 * PCA + 0.35 * RCAE + 0.50 * Tracking Error). decision_flag (binary): System alert output (0 = Nominal, 1 = Anomaly Detected) evaluated through a 5-frame sliding persistence window. ground_truth_label (binary): Ground-truth annotation (0 = Nominal, 1 = Anomalous Frame). Associated Publication & Citation If you use this dataset or benchmark in your research, please cite the corresponding journal publication: Omar Huseyn and Yasin Furkan Gorgulu, ""Multimodal One-Class Anomaly Detection for Omnidirectional UAVs via PCA Gating and Bayesian Latent Regularization,"" IEEE Transactions on Circuits and Systems for Video Technology, 2026.",0,scopus_export,https://doi.org/10.5281/zenodo.21539952,false
CAND-286,MOSAD: Multimodal Open-Set Anomaly Detection Dataset for Omnidirectional UAVs,Omar Huseyn,Zenodo (CERN European Organization for Nuclear Research),2026,10.5281/zenodo.21533815,"MOSAD-8: Multi-modal Online Self-supervised Anomaly Detection Benchmark for Omnidirectional UAVs Dataset OverviewThe MOSAD-8 Benchmark Dataset contains 8 synthetic/simulated time-series telemetry scenarios designed for evaluating real-time anomaly detection algorithms on edge-deployed omnidirectional UAVs. All physical flight dynamics are simulated using the Brescianini-D'Andrea omnidirectional hexarotor dynamic model coupled with 6-DOF tracking error profiles and Bayesian latent reconstruction features. - Number of Scenarios: 8 distinct flight anomaly conditions- Sampling Frequency: 50 Hz (0.02s interval)- Flight Duration: 15.0 seconds per scenario (750 samples/file)- Anomaly Window: 1 injected anomaly period per file File & Column Structure- timestamp_s (s): Flight timestamp- pca_score (-): Normalized PCA reconstruction error (s_PCA)- rcae_visual_loss (-): RCAE visual reconstruction loss (L_RCAE)- rcae_epistemic_uncertainty (-): MC-Dropout variance (sigma_ep^2, T=50)- rcae_mc_mean (-): MC-Dropout predictive mean- tracking_error_6dof_norm (m / rad): Normalized 6-DOF tracking error (e_norm)- e_x_m, e_y_m, e_z_m (m): Translational tracking errors along X, Y, Z axes- e_roll_rad, e_pitch_rad, e_yaw_rad (rad): Rotational tracking errors (Euler angles)- fused_anomaly_score (-): Multimodal score: s_fused = beta * s_vis + (1-beta) * e_norm- decision_flag (0 / 1): Binary detection flag based on threshold tau- ground_truth_label (0 / 1): Ground truth anomaly annotation (1 = Anomaly) Baseline Parameters- Fusion Weight (beta): 0.60 (Visual channel preference)- Detection Threshold (tau): 0.45- MC-Dropout Parameters: T = 50 forward passes, dropout rate p = 0.25 Scenario Descriptions1. scenario_01_dusk_lighting: Ambient illumination drop at dusk leading to camera AGC saturation.2. scenario_02_rapid_lens_occlusion: Partial lens occlusion by airborne debris causing localized visual blackout.3. scenario_03_single_motor_thrust_loss: Single motor thrust reduction to 40% introducing asymmetric force.4. scenario_04_severe_gust_perturbation: Lateral wind gust (12 m/s) resulting in attitude exceedance (>20 deg).5. scenario_05_propeller_degradation: Progressive propeller tip crack inducing coupled vibration and motion blur.6. scenario_06_sensor_noise_spike: IMU/Camera synchronization glitch causing a 1-second burst noise.7. scenario_07_camera_jitter: Gimbal mechanical resonance inducing high-frequency image jitter.8. scenario_08_combined_actuator_vision_fault: Simultaneous ESC failure + lens occlusion (worst-case benchmark). Note on Pure Kinematic Scenarios (03 & 04): Scenarios 03 and 04 feature pure mechanical/environmental perturbations without visual anomalies. When evaluating under static beta = 0.60, consider adjusting the threshold to tau = 0.28 or using dynamic weighting. Citation & License- License: Creative Commons Attribution 4.0 International (CC BY 4.0)- Citation: If you use this dataset in your research, please cite: MOSAD: Multimodal One-Class Anomaly Detection for Omnidirectional UAVs via PCA Gating and Bayesian Latent Regularization, IEEE Transactions on Circuits and Systems for Video Technology (Submitted, 2026).",0,scopus_export,https://doi.org/10.5281/zenodo.21533815,false
CAND-287,A CNN-transformer multimodal architecture for weakly-supervised audio-visual violence detection,Rahul Gyawali|Rabin Dhakal|Deepak Dulal|Mandip Thapa|Sardul Khanal,Open Access Research Journal of Engineering and Technology,2026,10.53022/oarjet.2026.11.1.0056,"Automated detection of violent events in surveillance-scale video is important for timely intervention, but frame-accurate labels are too costly to collect at scale. This has made weakly supervised learning from video-level labels the dominant paradigm. Most existing methods score short video snippets from a single modality and with limited temporal context. We propose a CNN-Transformer multimodal architecture that extracts per-snippet features from frozen, pretrained CNN backbones (I3D for video, VGGish for audio), projects each modality through a lightweight temporal 1D-CNN, and fuses the two modalities across the full temporal extent of a video with a cross-modal Transformer encoder. Snippets are then scored under a multiple-instance-learning (MIL) ranking objective. On XD-Violence, the largest public audio-visual violence detection benchmark, our 4.24M-parameter fusion network reaches 80.14% frame-level average precision (AP) and 93.29% ROC-AUC, outperforming several established baselines while staying much smaller than the CNN backbones it builds on. Ablations show that the audio modality and the Transformer fusion stage each add several points of AP over a visual-only, non-attentive baseline. We also test the model qualitatively on independently sourced, real-world YouTube footage drawn from outside the training distribution. That test exposes a limitation we believe is underappreciated: replacing the benchmark’s undisclosed official visual feature extractor with an independently implemented one collapses the visual predictions, whereas our faithfully reproduced audio pipeline still transfers. Feature-extractor fidelity, and not model architecture alone, is therefore critical for real-world deployment of weakly supervised video anomaly detection systems.",0,scopus_export,https://doi.org/10.53022/oarjet.2026.11.1.0056,false
CAND-288,Integration of CCTV and IoT Sensors for Context-aware Intelligent Surveillance Systems,Osita Miracle Nwakeze|UGOJI FRANK -GODRIC CHIDUBEM|Nwafor Anthony Chigozie|Naveed Uddin Mohammed|Oboti Nwamaka Peace|Ogochukwu Patience Okechukwu,Journal of Engineering Research and Reports,2026,10.9734/jerr/2026/v28i71968,"The growing demand for smarter and more dependable surveillance systems has driven the integration of advanced technologies capable of providing real-time situational awareness and accurate anomaly detection. Conventional Closed-Circuit Television (CCTV) systems are typically constrained by their reliance on manual monitoring and lack of contextual insight, leading to slow response times and high false-alarm rates. This paper presents the design and simulation-based implementation of a context-aware intelligent surveillance system that fuses CCTV video streams with Internet of Things (IoT) sensor data to enhance detection accuracy and system responsiveness, specifically for indoor fire detection. The system employs a Variational Autoencoder (VAE) trained on multimodal data to learn normal behavioural patterns and identify anomalies through reconstruction-error analysis. Training and testing were conducted using simulated sensor data and the MmodalFire dataset, which provides synchronised video and environmental sensing data across diverse indoor environments. The system was implemented within a MATLAB–Python co-simulation framework, enabling effective modelling of both hardware behaviour and software intelligence without physical deployment. Experimental results demonstrate strong performance, with an accuracy of 96.8%, precision of 95.4%, recall of 97.1%, and a low false-alarm rate of 3.2%, representing a significant improvement over a traditional CCTV-only system. The system also exhibits low detection latency, high robustness, and sensitivity under varying environmental conditions, including smoke interference and low visibility. These findings indicate the potential of multimodal data fusion and unsupervised learning to improve surveillance intelligence.",0,scopus_export,https://doi.org/10.9734/jerr/2026/v28i71968,false
CAND-289,Multi-Sensor Spatial Data Fusion for Road Condition Monitoring Digital Twins,Deepak Satheesan|Songnian Li|Michael A. Chapman,"The international archives of the photogrammetry, remote sensing and spatial information sciences/International archives of the photogrammetry, remote sensing and spatial information sciences",2026,10.5194/isprs-archives-xlix-b4-2026-521-2026,"Abstract. Pavement Management Systems (PMS) are essential for evaluating and maintaining transportation infrastructure; however, conventional monitoring methods are often labour-intensive, costly, and inaccurate. The growing need for reliable. timely pavement condition data has driven the development of automated, data-driven approaches. This study presents a low-cost and scalable framework for pavement condition monitoring that integrates multimodal sensing with a digital twin (DT) environment. Smartphones equipped with inertial measurement unit (IMU) sensors, GPS, and cameras are used to collect synchronized vibration and visual data during normal driving conditions. Vibration signals are analysed to detect anomalies associated with pavement surface irregularities, while video data are processed using a deep learning-based object detection model to identify surface distress. A late fusion approach combines the outputs from both modalities to improve detection reliability and provide comprehensive condition assessment. The system enables spatial mapping of detected distresses and supports real-time visualization through a web-based DT dashboard. Results demonstrate that multimodal sensing compensates for the limitations of individual sensors, enhancing both detection accuracy and robustness. The proposed framework offers a practical solution for efficient pavement monitoring. It supports data-driven decision-making for proactive infrastructure management, with potential for future expansion through crowdsourced data and additional sensing technologies.",0,scopus_export,https://doi.org/10.5194/isprs-archives-xlix-b4-2026-521-2026,false
CAND-290,Quantum-enhanced Semantic Video Intelligence for Real-time Surveillance Using CLIP and Hamiltonian Quantum GANs,S. Saranya|P. Vinayagam,Iranian Journal of Science and Technology Transactions of Electrical Engineering,2026,10.1007/s40998-026-01186-0,,0,scopus_export,https://doi.org/10.1007/s40998-026-01186-0,false
CAND-291,"Language-driven models for video anomaly detection: taxonomy, datasets, and future horizons",Olfa Saket|Anis Ben Aicha|Habib Fathallah,International Journal of Multimedia Information Retrieval,2026,10.1007/s13735-026-00415-w,,0,scopus_export,https://doi.org/10.1007/s13735-026-00415-w,false
CAND-292,"Glance, Scrutinize, and Think: Advancing Video Anomaly Detection from Training-Free to Agentic Reasoning",Shibo Gao|Peipei Yang|Xu-Yao Zhang|Linlin Huang,arXiv (Cornell University),2026,10.48550/arxiv.2608.11260,"Video Anomaly Detection (VAD) aims to identify anomalous events and localize their temporal intervals. Existing approaches exhibit a ""when-what"" dissociation: traditional DNN-based methods localize when anomalies occur but lack semantic understanding, whereas LLM-based methods explain what happens but neglect precise temporal grounding. We attribute this to the absence of a unified reasoning paradigm. Inspired by how humans inspect surveillance videos - glancing globally to form temporal hypotheses, scrutinizing suspicious segments, and thinking iteratively to correct errors - we study this global-to-local paradigm from two perspectives. We first propose Glance then Scrutinize (GtS), a training-free framework using static and dynamic textual guidance for coarse-to-fine anomaly grounding and understanding, balancing accuracy and speed. To break the ceiling imposed by frozen external modules, we further propose a tool-augmented agentic VAD method, where a multimodal large language model learns to invoke a video cropping tool, inspect densely resampled frames, and self-correct mislocalized hypotheses, via cold-start supervised fine-tuning followed by reinforcement learning with a joint answer-grounding reward. For training and evaluation, we extend our prior VAGU benchmark into VAGU-T (Video Anomaly Grounding, Understanding, and Thinking), comprising 7,567 real-world videos over 21 anomaly categories with human-validated grounding, explanations, QA pairs, and chain-of-thought tool-calling traces. We further introduce JeAUG, a metric jointly evaluating semantic interpretability and temporal precision. Experiments show that GtS substantially surpasses training-free baselines, while the agentic model delivers both higher accuracy and faster inference.",0,scopus_export,https://doi.org/10.48550/arxiv.2608.11260,false
CAND-293,From Detection to Understanding: TAR and TAR-Bench for Multi-Task Traffic Anomaly Reasoning,Han Zhang|Yilin Zhao|Zaid Pervaiz Bhat|Zheng Tang|Varun Praveen|Vidya N. Murali|David C. Anastasiu|Tomasz Kornuta,arXiv (Cornell University),2026,10.48550/arxiv.2608.10317,"We present TAR (Traffic Anomaly Reasoning) and TAR-Bench datasets, resources for training and evaluating video-language models beyond anomaly detection. TAR contains 44,040 chain-of-thought training annotations across 10 tasks for 3,670 CCTV videos ($\sim$26 hours) from eight public datasets. Its evaluation component, TAR-Bench, contains 960 human-curated test annotations for 80 held-out clips trimmed from 17 public YouTube videos. TAR's training annotations are produced with MAVEN, which consolidates multi-scale video evidence into structured event descriptions before generating question-answer pairs and reasoning traces. On TAR-Bench, eleven vision-language models reveal that strong question-answering accuracy does not reliably predict temporal or scene reasoning ability. Multi-task fine-tuning on TAR yields consistent gains, with the full 10-task model improving aggregate score by 21.4 points over its zero-shot baseline. TAR and TAR-Bench provide the official training and in-domain evaluation data for AI City Challenge 2026 Track 3. The dataset is available at https://huggingface.co/datasets/nvidia/PhysicalAI-Traffic-Anomaly-Reasoning",0,scopus_export,https://doi.org/10.48550/arxiv.2608.10317,false
CAND-294,Video Anomaly Detection Dataset,Beibut Amirgaliyev| Alma Batyrsha|Alnura Maxyutova|Tolkyn Zharkenova|Didar Yedilkhan|Aidana Zhalgas,Zenodo (CERN European Organization for Nuclear Research),2026,10.5281/zenodo.21888118,"The dataset consists of 510 video clips of approximately 10-15 seconds each, with 35-40 samples per class, resulting in a balanced distribution. In all cases the voluntary participants acted as an actor in the videos, appearing once in each class, as again this is to provide a diversity of appearance and motion patterns. Dataset deals with only unusual human movements that are pertinent to real world surveillance applications. For this purpose seven classes of abnormalities are identified: seizure, heart attack, limp, picking up an object, coming closer, beating with bag and normal. By using human posture analysis methods, and sequential modeling, such noise immunity and light/background immunity can be achieved. Therefore, the research can help developing and using intelligent video analytics methods and be applied for creating the monitoring system which is advanced technologically and secure. Researchers interested in using these de-identified data for research purposes should adapt the Data Usage Agreement and contact the Contact person (aidana.zhalgas@astanait.edu.kz) to fully execute the Data Usage Agreement with academic institution the researcher is affiliated with.",0,scopus_export,https://doi.org/10.5281/zenodo.21888118,false
CAND-295,Video Anomaly Detection Dataset,Beibut Amirgaliyev| Alma Batyrsha|Alnura Maxyutova|Tolkyn Zharkenova|Didar Yedilkhan|Aidana Zhalgas,Zenodo (CERN European Organization for Nuclear Research),2026,10.5281/zenodo.21888119,"The dataset consists of 510 video clips of approximately 10-15 seconds each, with 35-40 samples per class, resulting in a balanced distribution. In all cases the voluntary participants acted as an actor in the videos, appearing once in each class, as again this is to provide a diversity of appearance and motion patterns. Dataset deals with only unusual human movements that are pertinent to real world surveillance applications. For this purpose seven classes of abnormalities are identified: seizure, heart attack, limp, picking up an object, coming closer, beating with bag and normal. By using human posture analysis methods, and sequential modeling, such noise immunity and light/background immunity can be achieved. Therefore, the research can help developing and using intelligent video analytics methods and be applied for creating the monitoring system which is advanced technologically and secure. Researchers interested in using these de-identified data for research purposes should adapt the Data Usage Agreement and contact the Contact person (aidana.zhalgas@astanait.edu.kz) to fully execute the Data Usage Agreement with academic institution the researcher is affiliated with.",0,scopus_export,https://doi.org/10.5281/zenodo.21888119,false
CAND-296,Action-aware anomaly detection in surveillance videos using normal behavior modeling,Mahmoud Elnady|Hossam E. Abdelmunim,Discover Computing,2026,10.1007/s10791-026-10333-4,"Detecting anomalous events in surveillance videos is a critical yet challenging task due to the rarity, diversity, and unpredictable nature of abnormal activities. Existing methods often rely on fully supervised annotations or weakly supervised multiple instance learning frameworks that require labeled anomalous videos and complex training strategies. In this work, we propose AAAD (Action-Aware Anomaly Detection), a framework that models normal human behavior using learned action embeddings and detects anomalies as semantic deviations. The proposed method first segments videos into fixed-length clips and extracts compact action embeddings using a frozen ResNet18 backbone. An autoencoder is then trained exclusively on embeddings derived from normal clips, enabling the model to learn the distribution of normal actions without requiring anomaly labels. During inference, anomalies are detected based on reconstruction error in the embedding space, allowing temporal localization of abnormal events at the clip level. Experiments conducted on the UCF-Crime dataset demonstrate that the proposed approach effectively distinguishes normal and abnormal activities, achieving 69.0% AUC with a separation ratio of 1.25x. Our method outperforms unsupervised baselines including k-NN (56.4%), One-Class SVM (60.5%), Isolation Forest (54.5%), and Clustering (57.0%). Qualitative and quantitative results confirm that modeling normal action semantics provides a robust and scalable solution for real-world surveillance anomaly detection.",0,scopus_export,https://doi.org/10.1007/s10791-026-10333-4,false
CAND-297,The 10th AI City Challenge,Zheng Tang|Shuo Wang|David C. Anastasiu|Ming‐Ching Chang|Anuj Sharma|Quan Kong|Munkhjargal Gochoo|Jun-Wei Hsieh|Tomasz Kornuta|Zhedong Zheng|Renran Tian|Judah Goldfeder|Fulgencio Navarro|Yuxing Wang|Yizhou Wang|Sameer Satish Pusegaonkar|Anqi Li|Nalin Dadhich|Ridham Kachhadiya|Dhanishtha Patil|Haoquan Liang|Jiajun Li|Han Zhang|Yilin Zhao|Zaid Pervaiz Bhat|Shuyu Yang|Ashutosh Kumar|Rong Wang|Rafael Martin Nieto|Peter Christiansen|Ahmed Abduljawad|Mohanrasu Shanmugam|Nadeem Shaik|S. Biswas|Xunlei Wu|Vidya N. Murali|Rama Chellappa,arXiv (Cornell University),2026,10.48550/arxiv.2608.17044,"The 10th AI City Challenge, held with ECCV 2026, marks a decade of community benchmarking for intelligent transportation, smart cities, and physical AI. Since its 2017 start with vehicle detection, classification, and tracking, the challenge has grown into a broad benchmark suite for multi-camera perception, multimodal reasoning, synthetic-to-real learning, generative forecasting, and privacy-preserving evaluation. The 2026 edition continued this growth with 325 registered teams, up from 245 in 2025, and participation from 26 countries and regions, up from 15. Its six primary tracks cover multi-camera 3D perception, transportation safety captioning and VQA, traffic anomaly reasoning, text-based person anomaly search, generative traffic video forecasting, and cross-city object detection. Track 3 further includes two out-of-domain leaderboards, submitted as Tracks 7 and 8, for fisheye traffic-violation understanding and pedestrian situated-intent VQA. This paper summarizes the challenge setup, datasets, evaluation protocols, leaderboard results, and workshop papers. Across tracks, successful systems combine foundation models with geometric grounding, retrieval or reranking, synthetic-data design, domain adaptation, and controlled inference.",0,scopus_export,https://doi.org/10.48550/arxiv.2608.17044,false
CAND-298,SST-BiMambaAD: Shared Spatiotemporal Bidirectional Mamba for vision–language video anomaly detection in urban infrastructure monitoring,Qingyuan Li|Yushun Lin|Zhihuan Chen|Yinuo Wang|Lv Zhongliang|Xiaowen Tao,Advanced Engineering Informatics,2026,10.1016/j.aei.2026.105132,,0,scopus_export,https://doi.org/10.1016/j.aei.2026.105132,false
CAND-299,AI-Assisted Anomaly Detection for Security and Crowd Environments: A Comparative Study of Deep Learning and Edge-Enabled Surveillance Systems,Seema J K|Akash Pradeepan|Aryan K S|Akileshwaran S|Nithin Bharadwaj B P,Zenodo (CERN European Organization for Nuclear Research),2026,10.5281/zenodo.22065939,"The swift expansion of smart surveillance systems has created unparalleled demand for automated technologies that can identify unusual behavior, maintain security, and handle crowd dynamics in real-time. Conventional rule based surveillance methods are becoming less effective in intricate, ever-changing settings like airports, public transport centers, and large event spaces, where the overwhelming data volume and unpredictability of human actions render manual oversight impractical and prone to mistakes. The combination of progress in deep learning, edge computing, and sensor miniaturization now allows for the implementation of smart systems capable of simultaneously processing high- resolution video streams, sensor data, and contextual metadata, creating new opportunities for proactive threat prevention and public safety management. This document outlines a thorough AI-supported framework that combines deep learning, computer vision, and multimodal sensor integration to tackle anomaly detection, security implementation, and crowd environment evaluation within a cohesive structure. The suggested system is intended to function as a modular, scalable platform that can be utilized across various hardware setups without the need for specialized high performance computing resources. By consolidating three formerly isolated tasks—anomaly detection, perimeter security, and crowd flow estimation— into one inference pipeline, the framework greatly decreases operational overhead and enhances comprehensive situational awareness for security personnel. The system we propose utilizes a hybrid convolutional recurrent neural network (CNN-LSTM) for extracting spatiotemporal features, enhanced by transformer-based attention mechanisms to identify long- range behavioral relationships among video frames. The CNN backbone captures detailed spatial features from separate frames, whereas the LSTM layers simulate temporal dynamics and behavioral patterns across moving time windows. The transformer attention module improves the system's capacity to link Keywords: Anomaly Detection, Deep Learning, Edge Computing, Surveillance, CNN-LSTM, Federated Learning, Crowd Monitoring.",0,scopus_export,https://doi.org/10.5281/zenodo.22065939,false
CAND-300,"Pothole Detection Lab: camera, sensor, and hybrid pothole detection with a real-world transfer study",Warren Stading,Zenodo (CERN European Organization for Nuclear Research),2026,10.5281/zenodo.22071639,"A research platform for pothole detection that trains and fairly benchmarks image models (YOLOv8, Faster R-CNN, U-Net, ResNet18), motion-sensor models (Random Forest, 1D-CNN, BiLSTM), and hybrid fusion models, under a strict pothole-versus-other-road-anomaly task definition. Includes a 94-experiment benchmark campaign and a pre-registered, blinded real-world transfer study on iPhone and nuScenes drives. Key finding: the in-distribution hybrid fusion advantage (F1 0.622 vs 0.605) does not survive platform transfer — on real drives precision fell to approximately 0.10 for all pipelines and the fusion advantage disappeared, because the image branch collapsed on dashcam video. The result was replicated across two independent blinded labeling rounds. Ships pre-trained models and a privacy-scrubbed dataset of real driving sensor data with 232 human-labeled event clips.",0,scopus_export,https://doi.org/10.5281/zenodo.22071639,false
CAND-301,"Pothole Detection Lab: camera, sensor, and hybrid pothole detection with a real-world transfer study",Warren Stading,Zenodo (CERN European Organization for Nuclear Research),2026,10.5281/zenodo.22071640,"A research platform for pothole detection that trains and fairly benchmarks image models (YOLOv8, Faster R-CNN, U-Net, ResNet18), motion-sensor models (Random Forest, 1D-CNN, BiLSTM), and hybrid fusion models, under a strict pothole-versus-other-road-anomaly task definition. Includes a 94-experiment benchmark campaign and a pre-registered, blinded real-world transfer study on iPhone and nuScenes drives. Key finding: the in-distribution hybrid fusion advantage (F1 0.622 vs 0.605) does not survive platform transfer — on real drives precision fell to approximately 0.10 for all pipelines and the fusion advantage disappeared, because the image branch collapsed on dashcam video. The result was replicated across two independent blinded labeling rounds. Ships pre-trained models and a privacy-scrubbed dataset of real driving sensor data with 232 human-labeled event clips.",0,scopus_export,https://doi.org/10.5281/zenodo.22071640,false
CAND-302,AI-Assisted Anomaly Detection for Security and Crowd Environments: A Comparative Study of Deep Learning and Edge-Enabled Surveillance Systems,Seema J K|Akash Pradeepan|Aryan K S|Akileshwaran S|Nithin Bharadwaj B P,Zenodo (CERN European Organization for Nuclear Research),2026,10.5281/zenodo.22065940,"The swift expansion of smart surveillance systems has created unparalleled demand for automated technologies that can identify unusual behavior, maintain security, and handle crowd dynamics in real-time. Conventional rule based surveillance methods are becoming less effective in intricate, ever-changing settings like airports, public transport centers, and large event spaces, where the overwhelming data volume and unpredictability of human actions render manual oversight impractical and prone to mistakes. The combination of progress in deep learning, edge computing, and sensor miniaturization now allows for the implementation of smart systems capable of simultaneously processing high- resolution video streams, sensor data, and contextual metadata, creating new opportunities for proactive threat prevention and public safety management. This document outlines a thorough AI-supported framework that combines deep learning, computer vision, and multimodal sensor integration to tackle anomaly detection, security implementation, and crowd environment evaluation within a cohesive structure. The suggested system is intended to function as a modular, scalable platform that can be utilized across various hardware setups without the need for specialized high performance computing resources. By consolidating three formerly isolated tasks—anomaly detection, perimeter security, and crowd flow estimation— into one inference pipeline, the framework greatly decreases operational overhead and enhances comprehensive situational awareness for security personnel. The system we propose utilizes a hybrid convolutional recurrent neural network (CNN-LSTM) for extracting spatiotemporal features, enhanced by transformer-based attention mechanisms to identify long- range behavioral relationships among video frames. The CNN backbone captures detailed spatial features from separate frames, whereas the LSTM layers simulate temporal dynamics and behavioral patterns across moving time windows. The transformer attention module improves the system's capacity to link Keywords: Anomaly Detection, Deep Learning, Edge Computing, Surveillance, CNN-LSTM, Federated Learning, Crowd Monitoring.",0,scopus_export,https://doi.org/10.5281/zenodo.22065940,false
CAND-303,Explainable Artificial Intelligence and Computer Vision for RealTime Detection and Prediction of Critical Events in Smart Cities,K N Venkata Ratna Kumar|Shrikant D. Bhopale|Konolla Siva Ramakrishna|R. P. Ambilwade,International Journal of Modern Science and Research Technology,2026,10.67317/ijmsrt26aug074,"In order to promote public safety and quick emergency response, smart cities are depending more and more on networked cameras, Internet-of-things sensors, unmanned aerial vehicles, and edge computing. However, occlusion, illumination fluctuation, camera motion, crowd density, complex relationships, and the temporal evolution of anomalous behaviour make it challenging to identify and forecast important events from continuous urban footage. For real-time critical-event monitoring, this study presents XAI-CityVision, an explainable artificial intelligence platform that combines computer vision, object identification, temporal learning, risk assessment, and visual explanation. The framework uses a synchronised acquisition layer to receive heterogeneous urban observations, preprocesses videos, uses CNN or Vision Transformer backbones to extract spatial representations, uses a YOLO-family detector to identify pertinent objects, and uses ConvLSTM or transformer-based temporal learning to model event evolution. Grad-CAM, SHAP, and attention visualisation offer complementary explanations of the choice, while a risk module integrates event likelihood, temporal persistence, and contextual severity. A universal event ontology including normal activity, accident/collision, fire/smoke, crowd anomaly, intrusion/suspicious behaviour, and traffic-related occurrences is mapped to dataset-specific labels in the experimental design, which employs public urban and surveillance benchmarks. Precision, recall, F1-score, IoU, mean average precision, ROCAUC, false-alarm rate, inference delay, and frames per second are used to assess performance. The contributions of spatial learning, object detection, temporal modelling, and multimodal context are measured by ablation studies. In smart-city settings, the suggested framework offers a repeatable architecture for integrating deployment-aware evaluation, operator-oriented explanations, and predictive performance.",0,scopus_export,https://doi.org/10.67317/ijmsrt26aug074,false
CAND-304,Lightweight Multimodal Anomaly Detection Based on GhostNet and FiLM,Boyao Yin|Mingquan Zhang,International Journal of Advanced Engineering and Technology Research,2026,10.54097/1p6pw376,"To address the trade-off between detection accuracy and deployment efficiency in surveillance-based anomaly detection, we propose a lightweight multimodal abnormal behavior detection method based on GhostNet and FiLM fusion (G-FLM). GhostNet is employed as a lightweight visual backbone to reduce computational redundancy, while audio features are introduced to generate FiLM-based channel-wise affine parameters to generate FiLM-based channel-wise affine parameters for conditional recalibration of video features, thereby achieving effective audio-video information fusion with limited additional overhead. Experimental results on the XD-Violence dataset show that, under the same experimental configuration, G-FLM achieves an mAP of 0.7392. Compared with multimodal baselines such as Two-Stream and I3D, the mAP is improved by 5.6% and 18.0%, respectively. Precision reaches 0.8163 and F1 reaches 0.7260, both outperforming the comparison methods. At the same time, the model has only 3.63M parameters, requires only 1.9054 GFLOPs, and achieves an inference latency of 30.53 ms/batch, achieving higher detection accuracy with substantially lower computational overhead than the compared baselines. The results indicate that G-FLM achieves a good overall balance between detection accuracy and deployment efficiency, and provides a feasible lightweight solution for multimodal abnormal behavior detection in resource-constrained scenarios.",0,scopus_export,https://doi.org/10.54097/1p6pw376,false
CAND-305,DustVeil: Label-Free Real-Time Detection of Airborne Coal-Mine Dust in Camera Streams via Physically-Grounded Multi-Cue Fusion and Knowledge Distillation,Ziming Huang|Yujia Wang|Kun Huang|Jianwei Yang|Zimo Fan|Xiaodong Sun|Tielin Zhao|Lei Ji|Tong Zhang|Fanglue Zhang,Sensors,2026,10.3390/s26175635,"Airborne dust plumes are difficult to localize in underground mine-face video because the scene is dark, illumination moves with machinery, and dust is confused with lamp bloom, reflective steel, and water-spray aerosol. We present DustVeil, a label-free two-stage system for image-space plume localization. Its software teacher combines background-referenced veiling (C1), local texture decay (C2), and absolute dark-channel response (C3) with a probabilistic soft-OR, then applies glare and chroma gates. The teacher returns a dimensionless response map in [0, 1], a binary plume mask and the corresponding image-area ratio; it does not estimate dust concentration, particle-size distribution, respirable exposure, or hazard categories. Teacher outputs from 342 frames in 114 clips/24 sessions supervise a 0.47 M parameter TinyU-Net. Evaluation uses a 144-image synthetic calibration set and a 72-frame real test set drawn from 72 clips in 18 sessions, with all roles separated at clip and session levels. Thresholds are selected only on synthetic masks and frozen before real scoring. After replacing per-image score normalization with fixed baseline-normal calibration and using reference implementations of the anomaly methods, DustVeil obtains IoU/F1 of 0.366/0.500 and the lowest clean-frame false-positive area (3.7% versus 13.9–59.9%). A separate water-spray set quantifies visual specificity. TinyU-Net runs at 610 FPS for network-only inference and 233 FPS aggregate in the measured six-stream decode-to-mask pipeline; optical flow is excluded from these figures. The validated scope is six fixed visible-light RGB cameras with camera-specific unlabelled calibration at one site, rather than concentration monitoring or camera-disjoint deployment.",0,scopus_export,https://doi.org/10.3390/s26175635,false
CAND-306,AI-BASED VIDEO SURVEILLANCE FOR THREAT DETECTION AND PASSENGER SAFETY AT SAUDI AIRPORTS,Taimoor Shahid Malik,Veredas do Direito Direito Ambiental e Desenvolvimento Sustentável,2026,10.18623/rvd.v23.8069,"Saudi Arabia is rapidly expanding and modernising its aviation system under Vision 2030, with national targets that include handling 330 million passengers annually, connecting the Kingdom to more than 250 destinations, and strengthening its position as a global tourism and logistics hub. The scale and complexity of this transformation require airport security systems that can detect threats quickly while preserving passenger flow, privacy, operational resilience and public trust. This review examines the role of artificial intelligence (AI)-based video surveillance in supporting threat detection and passenger safety at Saudi airports. It synthesises research on object detection, multi-object tracking, video anomaly detection, crowd analytics, abandoned-object detection, violence recognition, perimeter monitoring, facial and person re-identification, multimodal sensor fusion, edge computing and human–AI decision support. The paper also evaluates the limits of current systems, including false alarms, dataset bias, domain shift, occlusion, adversarial manipulation, cyber risk, privacy concerns, explainability and the operational consequences of automation error in safety-critical environments. A Saudi airport implementation framework is proposed that integrates camera and sensor infrastructure, edge analytics, central AI services, airport operational databases, access-control platforms and security operations centres. The framework places human oversight, risk-based assurance, privacy-by-design, cybersecurity, model monitoring and phased validation at its core. The review argues that AI should augment rather than replace trained security personnel and that performance must be assessed using airport-specific measures such as detection probability, false-alarm burden, alert-to-intervention time, crowd-risk prediction, system availability and passenger-impact indicators. The study concludes that AI-enabled video surveillance can make a meaningful contribution to Vision 2030 when deployed through controlled pilots, representative Saudi datasets, interoperable architecture, transparent governance and continuous operational assurance.",0,scopus_export,https://doi.org/10.18623/rvd.v23.8069,false
CAND-307,Parser-Free VLM Verification for Federated Weakly Supervised Video Anomaly Detection,Sébastien Thuau|Amira Gran|Siba Haidar|Rachid Chelouah,arXiv (Cornell University),2026,10.48550/arxiv.2609.07455,"How can vision-language models help video anomaly detection (VAD) when surveillance data remain distributed, weakly labeled, and resource-constrained? Most weakly supervised VAD methods assume centralized training; recent VLM-based extensions further rely on dense inference, generated explanations, or additional adaptation. We introduce a lightweight federated MIL-VLM cascade in which only a compact MIL scorer is trained across clients, while a frozen VLM verifies high-scoring suspect segments post hoc. We study two VLM feedback interfaces: parsed text-generation decisions and a logit-based interface that extracts a continuous anomaly score from next-token Yes/No probabilities. Experiments on UCF-Crime with InternVL3.5-2B and Qwen3-VL-2B-Instruct show that text-generation verification can improve frame-level AUC after diagnostic temporal post-processing, but remains sensitive to prompts, parsers, model choice, and smoothing. In contrast, the logit interface provides a fixed parser-free signal that improves both frame-level AUC and frame-level AP over the MIL baseline across both VLMs, without temporal post-processing in its main configuration. Since suspect segments are updated independently once available, next-token logit feedback provides a simple segment-local alternative to text-generation verification.",0,scopus_export,https://doi.org/10.48550/arxiv.2609.07455,false
CAND-308,Multi-Object Tracking and Spatio-Temporal Graph-Based Relational Pattern Mining,Taeyoung Seo|Kyungyong Chung,Electronics,2026,10.3390/electronics15184086,"This paper addresses the task of binary violence classification in short surveillance video clips, i.e., deciding whether a given clip contains violent interactions (Fight) or not (Non-Fight). Although this task is often discussed in the broader context of video-based abnormal behavior detection driven by smart cities, Closed-Circuit Television (CCTV) networks, and intelligent surveillance systems, existing methods for violence classification largely rely on appearance features from single frames or global motion cues across whole scenes and therefore fail to adequately capture the interactions among multiple objects and the structural changes in their relationships that arise in real surveillance environments. In particular, violent behavior is rarely defined by a specific pose or a single moment; rather, it emerges as a cumulative process in which relational changes—such as inter-person approach, distance variation, collision, and repeated contact—unfold over time. Detecting such behavior accurately therefore requires an approach that can analyze inter-object relationships in a spatiotemporal manner. To this end, this paper proposes a violence detection method that combines multi-object tracking with spatiotemporal graph-based relational pattern mining. The proposed method first detects and tracks person objects using YOLO and DeepSORT, and extracts time-series features—including position, velocity, pose, and inter-object distance variation—to construct a spatiotemporal graph. Relational event sequences are then generated from the edge features of the graph, and class-representative relational patterns are automatically extracted based on discriminative power through PrefixSpan-based frequent sequential pattern mining. In parallel, the spatiotemporal graph is fed into a Spatial Temporal Graph Convolutional Network (ST-GCN) to learn the structural relationships among objects and their temporal evolution. Finally, the pattern-matching score and the ST-GCN classification score are combined to classify each input video as either violent or non-violent. By jointly exploiting interpretable relational pattern information and graph-based structural learning, the proposed approach compensates for the limitations of appearance-centric anomaly detection and demonstrates its applicability to complex real-world surveillance environments. Performance is evaluated in terms of Accuracy, Precision, Recall, and F1-score, with Recall considered a primary metric to reflect the importance of not missing violent events.",0,scopus_export,https://doi.org/10.3390/electronics15184086,false
